source_id,p,p_er,theta,theta_er,q,q_er,u,u_er,Rmag,exposure,airmass,N0,N1,N2,N3,sN0,sN1,sN2,sN3,bgr0,bgr1,bgr2,bgr3,inner_aperture0,inner_aperture1,inner_aperture2,inner_aperture3,apert0,apert1,apert2,apert3
IT_1627-0145157,0.01018,0.00138,-0.4165,0.0685,0.00685,0.00135,-0.00753,0.0014,14.71,549,1.261,699549,686991,668211,657660,1322,1417,1264,1274,1434.9,1808.7,1592.7,1653.9,17.16,17.16,15.47,15.47,3.51,3.51,3.16,3.16
IT_1627-0144333,0.01669,0.00192,-0.2783,0.058,0.01417,0.00188,-0.00882,0.00201,14.81,366,1.485,396924,388803,425581,412774,1117,1113,1117,1116,1160.5,1160.4,1151.2,1167.8,17.18,17.18,16.97,16.97,3.97,3.97,3.92,3.92
IT_1611-0128017,0.02127,0.00139,-0.6525,0.0329,0.00559,0.00138,-0.02052,0.0014,13.64,132,1.435,622195,595362,604410,596371,1213,1191,1180,1157,1194.9,1157.3,1206.6,1138.8,16.94,16.94,16.28,16.28,3.78,3.78,3.63,3.63
IT_1624-0141790,0.01535,0.00196,-0.3557,0.0645,0.01163,0.00191,-0.01002,0.00202,15.5,735,1.324,449776,439517,437311,426314,1147,1374,1158,1176,2171.7,3637.1,2823.5,2993.3,12.93,12.93,11.64,11.64,3.81,3.81,3.43,3.43
IT_1615-0129009,0.02992,0.0013,-0.4403,0.0217,0.01905,0.00125,-0.02307,0.00133,13.58,126,1.324,619296,589583,645874,620349,1150,1127,1130,1105,1183.7,1145,1188,1130.5,15.58,15.58,14.8,14.8,3.87,3.87,3.67,3.67
IT_1625-0142646,0.02045,0.00224,-0.4071,0.0552,0.01404,0.00219,-0.01487,0.00229,15.3,600,1.257,427656,413849,428348,415565,1307,1409,1234,1371,1798.5,2204.6,1625.6,2174.3,16.96,16.96,16.52,16.52,4.25,4.25,4.14,4.14
IT_1627-0145819,0.03062,0.00101,-0.5137,0.0166,0.01583,0.00096,-0.02621,0.00103,14.34,553,1.307,1266659,1198314,1257574,1215684,1807,1790,1692,1675,2785.8,2797.3,2806.8,2781.8,17,17,15.31,15.31,3.66,3.66,3.3,3.3
IT_1629-0138771,0.01348,0.00171,-0.3435,0.0641,0.01042,0.00171,-0.00855,0.00171,15.04,462,1.357,434092,425417,419706,410139,1041,1034,1004,1003,1206.2,1194.3,1186.8,1202.3,14.9,14.9,14.31,14.31,3.79,3.79,3.64,3.64
IT_1626-0144201,0.02541,0.00253,-0.487,0.0502,0.01428,0.00249,-0.02102,0.00255,15.23,558,1.33,377526,360878,386244,374538,1309,1351,1362,1320,1321.2,1446.2,1426.6,1326.8,19.89,19.89,20.05,20.05,3.78,3.78,3.81,3.81
IT_1610-0128351,0.01397,0.00034,-0.4727,0.012,0.00818,0.00034,-0.01132,0.00033,9.38,39,1.327,5241603,5108247,5042924,4950143,2460,2432,2416,2387,1182.9,1182.6,1217.4,1143.2,16.64,16.64,16.29,16.29,3.36,3.36,3.29,3.29
IT_1622-0144957,0.01802,0.00136,-0.5558,0.0378,0.00799,0.00127,-0.01616,0.00138,14.75,345,1.276,586171,565815,585769,575210,1128,1117,1049,1039,1215,1206.3,1221.7,1198.9,15.24,15.24,13.26,13.26,3.88,3.88,3.38,3.38
IT_1622-0145627,0.03049,0.00221,-0.4972,0.0363,0.01662,0.00211,-0.02556,0.00224,14.83,375,1.391,567762,537827,575319,555281,1884,1628,1685,1693,2229.6,1579.5,1881.7,1920.5,22.52,22.52,21.49,21.49,3.96,3.96,3.78,3.78
IT_1624-0142762,0.01466,0.00124,-0.5056,0.0426,0.00778,0.00113,-0.01242,0.00128,14.12,195,1.38,759633,738760,798910,784833,1361,1354,1272,1264,1156,1157.9,1160.7,1150.8,19.29,19.29,16.89,16.89,3.97,3.97,3.48,3.48
IT_1628-0142703,0.01624,0.00216,-0.3789,0.0672,0.0118,0.00209,-0.01116,0.00223,14.87,390,1.56,396795,386856,432393,421375,1238,1235,1261,1263,1170.3,1173.8,1162.3,1178,19.52,19.52,19.75,19.75,3.72,3.72,3.76,3.76
IT_1625-0142999,0.03083,0.00149,-0.3972,0.0241,0.0216,0.00144,-0.02199,0.00154,14.85,762,1.284,1008204,961901,1009822,964978,2195,2087,2011,2005,3501.9,3117.7,3284.6,3310.3,20.54,20.54,19.08,19.08,4.89,4.89,4.54,4.54
IT_1620-0140212,0.02048,0.0019,-0.3734,0.0467,0.01503,0.00181,-0.01391,0.002,14.91,405,1.305,437834,424534,440348,426365,1282,1156,1075,1145,2014.7,1522.8,1577.9,1950,15.65,15.65,13.74,13.74,4.03,4.03,3.54,3.54
IT_1624-0142989,0.02372,0.00138,-0.5247,0.0291,0.01181,0.00119,-0.02056,0.00143,14.13,195,1.368,673811,644700,720506,702124,1341,1332,1197,1188,1151.7,1156.3,1157.9,1151,19.58,19.58,15.85,15.85,4.12,4.12,3.34,3.34
IT_1628-0143583,0.01889,0.00231,-0.3371,0.0619,0.01475,0.00228,-0.01179,0.00237,15.33,618,1.271,387911,377730,422443,409252,1233,1332,1255,1411,1744.9,2150.6,1593.2,2189.8,16.25,16.25,17.08,17.08,4.1,4.1,4.31,4.31
IT_1622-0145159,0.02019,0.0022,-0.4632,0.0549,0.01213,0.00203,-0.01614,0.00229,14.93,414,1.253,411219,396944,418775,407833,1383,1234,1142,1225,1982.1,1482,1536.2,1896,17.46,17.46,15.38,15.38,3.71,3.71,3.27,3.27
IT_1628-0143653,0.01668,0.00081,-0.4887,0.0242,0.00933,0.00077,-0.01383,0.00082,14.56,1244,1.264,2175013,2109296,2151938,2107486,2540,2447,2245,2380,6904.2,6261,5866.5,7237.8,15.87,15.87,14.25,14.25,3.45,3.45,3.1,3.1
IT_1625-0143728,0.01749,0.00091,-0.569,0.0261,0.00734,0.00091,-0.01588,0.00091,11.75,51,1.275,1071505,1034846,1024588,1007432,1365,1353,1298,1313,1171.1,1177.6,1119.5,1215.9,16.54,16.54,15.54,15.54,4.37,4.37,4.11,4.11
IT_1625-0143740,0.0225,0.00075,-0.5245,0.0168,0.01122,0.00073,-0.01951,0.00076,10.92,44,1.265,1518975,1456397,1474423,1438527,1614,1595,1496,1498,1509.5,1512.2,1461.9,1543.6,17.04,17.04,14.66,14.66,3.9,3.9,3.36,3.36
IT_1629-0139060,0.00626,0.00085,-0.0033,0.0691,0.00626,0.00085,-0.00004,0.00089,14.23,639,1.264,1951346,1945266,1949377,1920872,2447,2480,2342,2334,3564.7,3715.2,3651.3,3642.6,20.88,20.88,19.47,19.47,4.03,4.03,3.75,3.75
IT_1619-0138589,0.02125,0.00149,-0.5058,0.0351,0.01127,0.00144,-0.01801,0.0015,14.81,366,1.255,550317,529234,557991,544346,1190,1107,1136,1107,1611.9,1295.5,1505.5,1396,14.88,14.88,14.21,14.21,3.91,3.91,3.73,3.73
IT_1616-0130894,0.0232,0.00125,-0.4441,0.0271,0.01464,0.00124,-0.018,0.00126,12.99,84,1.571,710347,683150,704827,682980,1228,1255,1232,1205,1256.6,1408.3,1369,1295.8,16.08,16.08,15.58,15.58,3.91,3.91,3.79,3.79
IT_1610-0129587,0.01536,0.00134,-0.529,0.044,0.00754,0.00132,-0.01339,0.00135,13.31,102,1.454,584183,567046,579396,569465,1094,1106,1088,1062,1246.6,1339.4,1348.6,1243.5,14.25,14.25,13.67,13.67,3.73,3.73,3.58,3.58
IT_1624-0140488,0.01611,0.00148,-0.3949,0.0463,0.01134,0.00146,-0.01144,0.0015,14.48,267,1.263,483547,471163,487074,475099,1018,1010,998,992,1138.7,1131.3,1133.7,1132.6,14.18,14.18,13.68,13.68,3.87,3.87,3.74,3.74
IT_1612-0128371,0.01967,0.00127,-0.6464,0.0323,0.0054,0.00121,-0.01892,0.00127,13.58,126,1.316,639158,613544,652702,644265,1137,1116,1115,1098,1178.7,1141.9,1184.4,1127.2,15.09,15.09,14.36,14.36,3.86,3.86,3.68,3.68
IT_1629-0138567,0.01349,0.00197,-0.1804,0.0742,0.01262,0.00197,-0.00476,0.00197,15.22,552,1.267,447928,442329,426768,415212,1226,1249,1116,1226,1661.4,1759,1468.9,1951.5,16.08,16.08,15.14,15.14,3.94,3.94,3.71,3.71
IT_1624-0142164,0.02695,0.00264,-0.5354,0.0493,0.01292,0.00263,-0.02365,0.00265,14.91,405,1.287,376217,357737,368383,358190,1458,1291,1346,1356,1804.2,1348.7,1554.1,1595.4,19.52,19.52,19.14,19.14,4.37,4.37,4.29,4.29
IT_1625-0143021,0.01978,0.00148,-0.5052,0.0376,0.01051,0.00142,-0.01675,0.00151,14.72,336,1.262,581472,560600,578350,565062,1223,1209,1149,1142,1201.5,1181.5,1193.9,1190.1,17.48,17.48,15.91,15.91,3.64,3.64,3.31,3.31
IT_1629-0138572,0.01242,0.00194,-0.3257,0.0795,0.00988,0.00196,-0.00753,0.00192,14.06,183,1.264,457254,449037,457886,447934,1232,1227,1257,1251,1114.4,1109.6,1114.5,1109.5,19.35,19.35,19.85,19.85,3.63,3.63,3.72,3.72
IT_1627-0144385,0.0184,0.00167,-0.3023,0.0455,0.01514,0.00163,-0.01046,0.00174,15.1,489,1.38,494232,482534,494574,478760,1219,1184,1108,1133,1357.2,1259.1,1242.1,1365.3,17.16,17.16,15.54,15.54,3.66,3.66,3.31,3.31
IT_1622-0145118,0.02258,0.00165,-0.5541,0.0367,0.01007,0.00159,-0.0202,0.00167,14.59,198,1.261,425014,406953,417421,408190,980,980,931,919,812,840.4,837.2,813.1,16.35,16.35,14.88,14.88,3.24,3.24,2.94,2.94
IT_1627-0145099,0.01501,0.00186,-0.4698,0.0625,0.00886,0.0018,-0.01212,0.00188,15.02,450,1.275,407633,396660,392078,384341,1094,1050,987,990,1418.6,1265.6,1325.1,1359.3,15.13,15.13,13.53,13.53,3.89,3.89,3.48,3.48
IT_1630-0130381,0.01388,0.00186,-0.2576,0.0677,0.01208,0.00183,-0.00684,0.00194,15.08,480,1.4315007,392419,385914,386255,376201,1067,1064,988,987,1192.9,1192,1180.8,1199.4,15.97,15.97,14.37,14.37,3.75,3.75,3.38,3.38
IT_1622-0145106,0.02227,0.00196,-0.5573,0.0442,0.00981,0.00176,-0.02,0.002,14.93,414,1.256,485983,465500,469644,459498,1423,1274,1120,1194,1975.8,1482.8,1541.4,1897.2,17.68,17.68,14.51,14.51,4.14,4.14,3.4,3.4
IT_1613-0125330,0.00547,0.00077,0.1402,0.071,0.00525,0.00077,0.00151,0.00077,10.6,42,1.66,1258584,1258397,1211940,1196633,1380,1378,1313,1293,1236.8,1225.2,1278,1184.4,14.69,14.69,12.96,12.96,4.16,4.16,3.67,3.67
IT_1613-0126576,0.02136,0.00121,-0.6308,0.0283,0.0065,0.00118,-0.02035,0.00121,13.53,120,1.267,684112,654857,670979,660850,1153,1134,1116,1100,1161.9,1136.3,1173,1122.9,15.12,15.12,14.23,14.23,3.88,3.88,3.66,3.66
IT_1625-0143114,0.01833,0.00222,-0.3187,0.0611,0.01473,0.0022,-0.01091,0.00225,15.24,564,1.349,402118,392244,401354,388841,1242,1280,1251,1213,1323.3,1446.9,1431.3,1331.5,18.5,18.5,18.02,18.02,3.85,3.85,3.75,3.75
IT_1626-0144389,0.02095,0.00127,-0.5003,0.0303,0.01131,0.00119,-0.01763,0.0013,14.43,510,1.296,872161,839378,860278,839183,1570,1564,1440,1426,2415.9,2437.3,2450.8,2411.8,16.36,16.36,14.31,14.31,3.54,3.54,3.1,3.1
IT_1615-0129248,0.02059,0.00178,-0.4525,0.0434,0.01272,0.00175,-0.01619,0.0018,13.75,141,1.271,469056,452679,453930,441545,1179,1165,1106,1109,1177.2,1155.4,1150.4,1179,17.71,17.71,16.47,16.47,3.39,3.39,3.15,3.15
IT_1614-0126992,0.0136,0.00121,-0.3714,0.0446,0.01001,0.0012,-0.00919,0.00122,12.84,78,1.496,701376,686523,689238,674076,1180,1206,1163,1144,1240.1,1378.6,1339,1282.7,15.13,15.13,14.31,14.31,3.91,3.91,3.7,3.7
IT_1628-0143682,0.01431,0.00135,-0.3959,0.0474,0.01006,0.0013,-0.01019,0.00139,14.76,732,1.264,877824,857513,860179,841187,1701,1713,1442,1675,2875.4,2959.6,2189.7,3532,16.84,16.84,15.12,15.12,3.79,3.79,3.41,3.41
IT_1625-0142726,0.01627,0.00181,-0.3534,0.056,0.01237,0.00177,-0.01056,0.00185,15.25,570,1.365,439922,429429,432698,421191,1129,1149,1016,1121,1668.5,1780.3,1429.9,1993.3,14.4,14.4,13.23,13.23,3.93,3.93,3.61,3.61
IT_1620-0139732,0.02596,0.00248,-0.4155,0.0481,0.0175,0.00223,-0.01917,0.00268,15.14,510,1.53,380467,365042,458793,442037,1413,1408,1417,1420,1189.8,1191.1,1196.9,1217.2,22.66,22.66,22.19,22.19,3.69,3.69,3.61,3.61
IT_1629-0138114,0.01915,0.00204,-0.3071,0.0538,0.01565,0.00201,-0.01104,0.0021,15.28,588,1.466,420308,409893,405357,391998,1216,1252,1068,1196,1652.6,1805.4,1428.2,2018.7,16.15,16.15,14.58,14.58,3.99,3.99,3.6,3.6
IT_1619-0138693,0.02028,0.00169,-0.4345,0.0417,0.01309,0.00158,-0.01548,0.00175,14.65,315,1.252,405050,391515,403025,391742,991,986,897,882,1225.6,1235.1,1253.3,1207.3,13.97,13.97,11.64,11.64,3.99,3.99,3.32,3.32
IT_1625-0142649,0.01965,0.00227,-0.3297,0.0582,0.01553,0.00217,-0.01204,0.00243,15.33,618,1.261,417369,406210,406585,393281,1350,1469,1156,1287,1717.8,2143.6,1617.9,2196.8,18.07,18.07,15.36,15.36,4.23,4.23,3.59,3.59
IT_1625-0143810,0.01532,0.00052,-0.4893,0.0171,0.00855,0.00052,-0.01271,0.00052,10.03,30,1.260725083,2434365,2366049,2333923,2289276,1781,1762,1712,1709,1134.6,1133.1,1099.7,1157.2,16.26,16.26,14.96,14.96,3.42,3.42,3.14,3.14
IT_1621-0143503,0.02488,0.00168,-0.466,0.0338,0.01483,0.00163,-0.01997,0.0017,15.04,462,1.335,452956,433867,440164,426350,1075,1057,1002,999,1228.6,1194.7,1200.6,1219.6,15.32,15.32,13.96,13.96,3.83,3.83,3.49,3.49
IT_1624-0142753,0.01556,0.00186,-0.517,0.0602,0.00796,0.00173,-0.01337,0.0019,14.89,396,1.264,573509,556673,580719,570285,1620,1412,1408,1408,2045.4,1433.4,1734,1747.4,19.82,19.82,17.98,17.98,3.84,3.84,3.48,3.48
IT_1620-0139655,0.02746,0.00131,-0.4881,0.0238,0.01538,0.00129,-0.02275,0.00131,14.56,288,1.279,547590,521635,523088,506116,1000,986,943,934,1140.8,1135.4,1137.5,1138.2,12.9,12.9,11.67,11.67,3.9,3.9,3.53,3.53
IT_1622-0144811,0.0241,0.0014,-0.5206,0.029,0.01218,0.00134,-0.0208,0.00141,14.85,762,1.259,1021321,976715,1027303,1000369,2043,1957,1922,1923,3519.4,3185.1,3319,3356.2,18.82,18.82,17.92,17.92,4.28,4.28,4.08,4.08
IT_1620-0140177,0.01914,0.00176,-0.5222,0.0464,0.00962,0.00172,-0.01655,0.00178,14.94,417,1.261,511721,493546,483891,473622,1332,1201,1121,1199,1970.2,1478.4,1523.2,1897.6,16.15,16.15,14.5,14.5,4.12,4.12,3.7,3.7
IT_1613-0127388,0.02334,0.00159,-0.5022,0.0341,0.01252,0.00151,-0.01969,0.00162,13.81,150,1.361,493719,473149,473593,460857,1109,1100,993,1000,1215.2,1213.6,1178.7,1241.1,15.74,15.74,13.46,13.46,4.16,4.16,3.56,3.56
IT_1624-0141463,0.00215,0.00198,-1.5618,1.0724,-0.00215,0.00198,-0.00004,0.00202,15.18,531,1.36,413495,412204,415747,416617,1192,1168,1120,1208,1513.1,1429.4,1306.2,1624.2,16.44,16.44,16.17,16.17,4.01,4.01,3.95,3.95
IT_1614-0127444,0.0125,0.00127,-0.5255,0.0513,0.00621,0.00125,-0.01085,0.00128,13.7,138,1.605,643338,627638,632654,623466,1160,1141,1124,1103,1223.1,1172,1235,1159.8,15.35,15.35,14.53,14.53,3.54,3.54,3.35,3.35
IT_1627-0144856,0.01995,0.0021,-0.4461,0.0531,0.01253,0.00204,-0.01553,0.00215,15.29,594,1.63,401430,387981,392229,381679,1184,1211,1067,1158,1467.2,1580.7,1329.8,1712.8,16.63,16.63,15.18,15.18,3.8,3.8,3.47,3.47
IT_1627-0144740,0.01822,0.00121,-0.4157,0.0333,0.01228,0.00115,-0.01346,0.00126,14.68,432,1.261,850523,825432,862562,839771,1493,1494,1406,1365,1713.6,1747.9,1804.6,1655.4,17.93,17.93,15.87,15.87,3.84,3.84,3.4,3.4
IT_1622-0144641,0.02382,0.00209,-0.2939,0.044,0.01982,0.00205,-0.01321,0.00216,15.4,663,1.253,425937,413587,434137,416336,1181,1373,1190,1272,1807.6,2750.5,2060.9,2521.1,14.86,14.86,14.06,14.06,3.83,3.83,3.62,3.62
IT_1621-0143324,0.02008,0.00213,-0.464,0.0535,0.01203,0.00221,-0.01607,0.00209,15.2,540,1.438828425,455328,439586,433237,422000,1332,1309,1284,1384,1452.5,1402.7,1277.8,1570.8,18.94,18.94,19.34,19.34,3.81,3.81,3.89,3.89
IT_1625-0142771,0.01827,0.00158,-0.4931,0.0436,0.01008,0.00148,-0.01523,0.00163,14.65,315,1.278,436506,422136,430474,420947,993,983,898,890,1205.7,1193.8,1211,1190.2,13.76,13.76,11.48,11.48,4.06,4.06,3.39,3.39
IT_1623-0142009,0.02402,0.00108,-0.4519,0.0225,0.01486,0.00102,-0.01887,0.00111,14.61,606,1.366,1063002,1020522,1082047,1048035,1647,1635,1543,1526,2405.9,2406.7,2427.4,2396.1,16.66,16.66,14.83,14.83,4,4,3.56,3.56
IT_1622-0144496,0.01676,0.00278,-0.4266,0.0844,0.01102,0.00276,-0.01263,0.00279,14.92,272,1.593,251539,244513,242901,237081,978,980,941,931,807.4,820.2,832.2,815.7,18.61,18.61,17.61,17.61,3.61,3.61,3.41,3.41
IT_1614-0126783,0.01509,0.00153,-0.4507,0.051,0.00936,0.00148,-0.01183,0.00156,13.79,147,1.355,510330,496826,481770,471783,1110,1106,992,1002,1207.1,1214.5,1175.8,1243.9,15.65,15.65,13.36,13.36,4.06,4.06,3.46,3.46
IT_1627-0144818,0.02118,0.00225,-0.579,0.0534,0.0085,0.00223,-0.0194,0.00225,15.03,456,1.301,408228,391481,390139,382715,1298,1246,1216,1225,1367,1246.4,1290,1323.3,19.18,19.18,18.33,18.33,3.89,3.89,3.72,3.72
IT_1623-0142968,0.02238,0.00263,-0.494,0.0592,0.01231,0.00241,-0.01868,0.00271,14.85,254,1.284,221224,212461,226128,220138,802,859,763,758,942,1173.3,1057.9,1053.6,13.66,13.66,11.93,11.93,3.9,3.9,3.41,3.41
IT_1620-0139901,0.02433,0.00172,-0.4854,0.0355,0.01374,0.00166,-0.02008,0.00175,15.02,450,1.26,460903,441400,449363,436217,1139,1091,1040,1044,1431.4,1282.6,1326.3,1369.7,15.48,15.48,14.07,14.07,3.62,3.62,3.3,3.3
IT_1627-0145219,0.01783,0.00073,-0.407,0.0205,0.01224,0.00071,-0.01296,0.00075,14.63,1318,1.311,2285089,2219952,2236531,2177615,2442,2334,2127,2273,5933.4,5209.9,4799.6,6278.6,15.88,15.88,14.04,14.04,3.78,3.78,3.34,3.34
IT_1628-0143424,0.01911,0.00195,-0.3675,0.0514,0.01418,0.00182,-0.01282,0.00211,14.97,429,1.301,437925,425554,458458,444654,1331,1240,1078,1230,2277.6,1897.5,1656.6,2517.1,15.5,15.5,13.32,13.32,3.69,3.69,3.18,3.18
IT_1615-0128016,0.02375,0.00179,-0.4198,0.0378,0.01586,0.00184,-0.01768,0.00175,11.48,48,1.468,521755,502098,514349,497188,1253,1275,1326,1305,1174.4,1258.6,1234.9,1196.6,18.8,18.8,19.86,19.86,3.9,3.9,4.13,4.13
IT_1626-0144401,0.02121,0.00134,-0.5088,0.0317,0.01114,0.00121,-0.01805,0.00138,14.18,204,1.332,672983,647157,683487,666943,1297,1287,1164,1155,1155.1,1157,1159.1,1150.3,18.61,18.61,15.4,15.4,4,4,3.31,3.31
IT_1622-0144525,0.00715,0.0014,-0.3871,0.1005,0.00511,0.00131,-0.005,0.00149,14.79,360,1.254,694362,685374,762712,753280,1454,1444,1415,1398,1363.4,1343.7,1376.2,1333.3,20.12,20.12,18.85,18.85,3.13,3.13,2.93,2.93
IT_1619-0138357,0.01919,0.00157,-0.5135,0.0411,0.00993,0.00149,-0.01642,0.0016,14.74,342,1.346,500223,482595,494756,483954,1117,1109,1033,1023,1225.3,1226.8,1236.4,1218.1,15.77,15.77,13.86,13.86,3.91,3.91,3.44,3.44
IT_1620-0139740,0.02442,0.00169,-0.4489,0.0346,0.01522,0.00164,-0.0191,0.00172,15.15,513,1.249,425599,408397,425470,411796,1024,1002,946,989,1520.3,1452,1337.7,1617.3,13.1,13.1,12.15,12.15,3.96,3.96,3.67,3.67
IT_1629-0138505,0.01207,0.00175,-0.3507,0.0735,0.00922,0.00174,-0.00779,0.00176,15.24,564,1.298,455412,447025,425077,416388,1112,1130,988,1080,1670.3,1774.7,1455.1,1977.6,13.94,13.94,12.62,12.62,3.95,3.95,3.58,3.58
IT_1627-0145006,0.02268,0.00185,-0.0284,0.0409,0.02264,0.00184,-0.00129,0.00263,15.48,720,1.582,430863,428423,343121,327204,1419,1759,840,904,1928.6,3249.9,2205.8,2970.2,18.09,18.09,8.43,8.43,4.28,4.28,1.99,1.99
IT_1627-0144969,0.01127,0.0028,-0.4218,0.1295,0.00749,0.00277,-0.00842,0.00281,14.93,414,1.664,284340,278737,283003,278178,1120,1121,1098,1102,1197.5,1208.1,1189.1,1208.8,17.98,17.98,17.63,17.63,3.6,3.6,3.53,3.53
IT_1625-0144198,0.0167,0.00169,-0.6127,0.0509,0.00565,0.00151,-0.01572,0.00171,15.47,714,1.258,486803,470314,501439,494703,1154,1159,1076,1046,1338.2,1380.8,1413.4,1293.7,16.05,16.05,13.88,13.88,3.74,3.74,3.24,3.24
IT_1628-0143052,0.01872,0.00214,-0.4051,0.0577,0.0129,0.0021,-0.01356,0.00218,15.24,564,1.279,375832,364666,363415,353372,1130,1150,1011,1114,1665.4,1772.3,1458.3,1965.4,14.92,14.92,13.71,13.71,3.85,3.85,3.54,3.54
IT_1622-0144540,0.02168,0.00198,-0.4312,0.046,0.0141,0.00191,-0.01646,0.00204,15.17,525,1.303,387564,373879,407589,395377,1106,1085,1047,1117,1529.2,1468.4,1327.2,1647.1,15.01,15.01,14.63,14.63,4.16,4.16,4.06,4.06
IT_1630-0130224,0.01091,0.00164,-0.2418,0.0764,0.00966,0.00158,-0.00507,0.00184,14.99,438,1.269,469982,463828,488019,477625,1256,1179,1009,1141,2290.2,1916.4,1637.3,2548.2,14.16,14.16,11.7,11.7,3.84,3.84,3.18,3.18
IT_1626-0143884,0.01542,0.00265,-0.399,0.0878,0.01076,0.00267,-0.01104,0.00264,15.68,885,1.315,402218,392227,390749,381580,1502,1463,1474,1439,1451.3,1369,1444.3,1368.6,22.06,22.06,21.73,21.73,3.55,3.55,3.49,3.49
IT_1616-0130770,0.00501,0.00098,-0.1092,0.1008,0.00489,0.00098,-0.00109,0.001,11.77,51,1.485,878998,874430,884119,873574,1229,1247,1229,1216,1185.3,1274.1,1250.7,1206,14.83,14.83,14.4,14.4,3.92,3.92,3.81,3.81
IT_1625-0143431,0.0174,0.00201,-0.4208,0.0584,0.01159,0.00186,-0.01297,0.00213,15.88,1092,1.4,343067,333266,348640,339897,1023,1015,903,903,1424.1,1411.2,1400.5,1426.8,14.3,14.3,11.87,11.87,3.86,3.86,3.21,3.21
IT_1626-0143832,0.02368,0.00214,-0.486,0.0455,0.01334,0.00198,-0.01956,0.00221,15.59,765,1.29,362040,347084,366408,355968,1117,1103,1027,996,1412.7,1388,1426,1317.7,15.99,15.99,14.15,14.15,3.68,3.68,3.25,3.25
IT_1628-0142740,0.01593,0.00186,-0.1797,0.0588,0.01491,0.00185,-0.0056,0.00187,15.18,531,1.354,447638,441291,434674,420970,1189,1166,1081,1158,1524.6,1445,1315.4,1648.9,16.08,16.08,15.14,15.14,4.23,4.23,3.98,3.98
IT_1614-0127694,0.0169,0.00145,-0.4063,0.043,0.01162,0.00141,-0.01227,0.00148,13.72,138,1.618,534840,520289,542495,528860,1113,1094,1080,1057,1219.5,1173.7,1231.9,1161.9,15.37,15.37,14.47,14.47,3.68,3.68,3.46,3.46
IT_1615-0127898,0.01834,0.00114,-0.4351,0.0312,0.01183,0.00111,-0.01402,0.00116,13.29,102,1.385,707047,685426,690512,672880,1138,1144,1087,1061,1227.1,1303.6,1319.6,1217,14.09,14.09,12.51,12.51,3.92,3.92,3.48,3.48
IT_1614-0126895,0.0127,0.00089,-0.603,0.0352,0.00453,0.00091,-0.01186,0.00089,11,45,1.272,1088768,1060002,1048888,1037128,1348,1352,1342,1331,1170.3,1235.9,1222.3,1190.9,15.92,15.92,15.86,15.86,4.13,4.13,4.12,4.12
IT_1627-0144672,    nan,    nan,   nan,   nan,    nan,    nan,    nan,    nan,14.96,284,1.311,0,0,254968,247407,0,0,819,875,1290.1,961,998.9,1247.8,0,0,13.18,13.18,0,0,4.18,4.18
IT_1624-0142607,0.00298,0.00038,-0.6052,0.0646,0.00105,0.00039,-0.00279,0.00038,11.36,3,1.267359269,4201502,4165391,4120876,4103132,2249,2242,2255,2252,1076.1,1081.4,1070.9,1075.7,17.83,17.83,18.86,18.86,2.79,2.79,2.95,2.95
IT_1612-0128333,0.01668,0.00134,-0.4631,0.0403,0.01002,0.00132,-0.01333,0.00135,13.7,138,1.549,620284,602120,621379,607701,1176,1155,1160,1137,1214.8,1166.4,1222.2,1154.2,16,16,15.58,15.58,3.53,3.53,3.44,3.44
IT_1608-0128003,0.01367,0.00054,-0.5562,0.0198,0.00605,0.00054,-0.01226,0.00054,10.59,56,1.613,2396557,2331256,2286496,2253993,1819,1802,1752,1726,1633.5,1635.8,1708.9,1582.7,15.15,15.15,13.81,13.81,3.51,3.51,3.2,3.2
IT_1629-0138818,0.00931,0.00292,-0.3597,0.1682,0.007,0.00278,-0.00613,0.00308,14.92,420,1.29021038,457266,450318,475956,468299,2028,1931,1831,1886,5207.7,4677,4755.1,5107.1,16.8,16.8,15.68,15.68,4.21,4.21,3.93,3.93
IT_1626-0144429,    nan,    nan,   nan,   nan,    nan,    nan,    nan,    nan,15.63,840,1.323,433789,405345,0,0,1703,1701,0,0,1356.3,1367.3,1372.5,1346.5,25.71,25.71,0,0,3.87,3.87,0,0
IT_1612-0128522,0.02072,0.00041,-0.6088,0.01,0.00717,0.00041,-0.01944,0.00041,9.54,39,1.366,3579853,3432756,3614585,3555242,2068,2046,2109,2096,1146.8,1236.4,1179.3,1189,15.77,15.77,16.89,16.89,2.5,2.5,2.67,2.67
IT_1626-0144563,0.02599,0.00238,-0.5419,0.046,0.01216,0.00233,-0.02297,0.00239,15.21,546,1.299,417685,397714,436853,425410,1357,1398,1441,1397,1318.4,1442.2,1420.8,1322.4,20.49,20.49,21.09,21.09,3.77,3.77,3.89,3.89
IT_1625-0143669,0.02322,0.00185,-0.4897,0.0399,0.01295,0.00169,-0.01928,0.00191,15.42,678,1.285,413099,396278,427407,415559,1099,1091,1014,1003,1274.2,1274.2,1283.4,1262.7,15.94,15.94,13.94,13.94,4.13,4.13,3.61,3.61
IT_1620-0140353,0.02047,0.00255,-0.3862,0.0629,0.01466,0.00248,-0.01428,0.00262,15.21,546,1.658,385890,373883,381055,369228,1406,1406,1314,1319,1198.8,1208.5,1189.4,1212.3,22.44,22.44,20.9,20.9,3.74,3.74,3.48,3.48
IT_1621-0143699,0.0212,0.00144,-0.4191,0.0341,0.01418,0.00137,-0.01576,0.0015,14.58,534,1.252,956942,924456,964553,935509,1998,1994,1845,1833,4176.4,4199.2,4199.4,4167.8,17.09,17.09,15.41,15.41,3.62,3.62,3.27,3.27
IT_1624-0141479,0.02208,0.00193,-0.3653,0.044,0.01645,0.0019,-0.01474,0.00197,15.25,570,1.387,419411,405993,416671,402295,1140,1160,1042,1156,1676.7,1790.2,1435.8,2004.5,14.72,14.72,13.92,13.92,3.71,3.71,3.51,3.51
IT_1623-0140989,0.0149,0.00192,-0.4146,0.0653,0.01007,0.00189,-0.01099,0.00195,15.1,489,1.358,452015,440847,436445,426801,1255,1213,1133,1168,1394.6,1280,1268.1,1404.7,17.94,17.94,16.46,16.46,3.75,3.75,3.44,3.44
IT_1611-0128435,0.02427,0.00142,-0.5854,0.0294,0.00945,0.00139,-0.02236,0.00143,13.67,135,1.467,597318,569456,591785,579418,1191,1168,1166,1142,1200.8,1161.4,1217,1148.3,16.64,16.64,16.04,16.04,3.75,3.75,3.61,3.61
IT_1625-0144018,0.01431,0.00178,-0.7134,0.0627,0.00205,0.00178,-0.01416,0.00178,15.1,489,1.287,509279,493549,486071,483009,1230,1285,1223,1211,1282.4,1481.9,1403.9,1367.6,17.71,17.71,17.04,17.04,3.72,3.72,3.58,3.58
IT_1614-0127996,0.02134,0.00153,-0.4974,0.0361,0.01162,0.00149,-0.0179,0.00155,13.22,96,1.34,486418,467891,470455,458629,1043,1054,989,966,1204.4,1287.1,1289.6,1204.1,14.37,14.37,12.84,12.84,3.89,3.89,3.48,3.48
IT_1626-0144502,0.0187,0.00193,-0.6373,0.052,0.00546,0.0019,-0.01789,0.00193,14.74,228,1.287,380418,365925,371431,366585,1025,1014,995,993,806.5,796.1,798,799.3,18.19,18.19,17.61,17.61,3.68,3.68,3.56,3.56
IT_1613-0127369,0.00658,0.00141,-0.1519,0.1106,0.00628,0.00141,-0.00197,0.00145,13.54,120,1.276,502239,498755,503928,496541,1033,1025,1001,987,1166.2,1137.7,1174.4,1125.6,14.17,14.17,13.32,13.32,3.83,3.83,3.6,3.6
IT_1611-0128464,0.02368,0.00146,-0.5633,0.0309,0.01018,0.00145,-0.02138,0.00146,13.73,141,1.678,556821,531901,534108,522192,1138,1113,1095,1068,1227.8,1178.3,1247.5,1160.4,15.67,15.67,14.82,14.82,3.63,3.63,3.43,3.43
IT_1626-0144289,0.01492,0.00191,-0.4159,0.0648,0.01005,0.00179,-0.01103,0.00201,15,444,1.259,446461,435392,450285,440348,1304,1202,1046,1197,2352.9,1893.5,1657.3,2558.9,14.83,14.83,12.75,12.75,3.72,3.72,3.2,3.2
IT_1616-0131762,0.01236,0.00099,-0.4676,0.0403,0.00734,0.00099,-0.00995,0.00099,13.08,90,1.314,886265,866215,867555,853025,1229,1235,1213,1189,1202,1269.1,1282,1191.8,14.65,14.65,13.97,13.97,3.67,3.67,3.5,3.5
IT_1626-0143763,0.01074,0.00137,-0.4074,0.0644,0.00737,0.00133,-0.00782,0.0014,14.47,636,1.264,790238,775598,758314,745565,1493,1597,1414,1425,1844,2274.1,2024.1,2097.5,17.69,17.69,15.81,15.81,3.54,3.54,3.16,3.16
IT_1625-0143848,0.016,0.00133,-0.6685,0.0417,0.00371,0.00121,-0.01556,0.00133,14.28,322,1.351,922297,891314,920899,912075,1713,1705,1571,1563,2972.8,2978.7,2988.5,2962.9,16.54,16.54,14.59,14.59,3.58,3.58,3.16,3.16
IT_1627-0145404,0.02581,0.00304,-0.6977,0.0594,0.0045,0.00309,-0.02542,0.00304,15.69,894,1.361,374637,354977,357837,353844,1587,1549,1572,1535,1447,1378.9,1446,1369.7,23.54,23.54,23.41,23.41,3.58,3.58,3.56,3.56
IT_1620-0139695,0.02275,0.00196,-0.4596,0.0433,0.0138,0.00201,-0.01809,0.00193,15.2,540,1.391,449186,431898,433937,421191,1215,1191,1170,1262,1499,1440.9,1300.8,1630.8,16.66,16.66,17.02,17.02,3.86,3.86,3.94,3.94
IT_1614-0126913,0.00415,0.0005,-0.2001,0.0602,0.00383,0.0005,-0.00162,0.00049,10.51,84,1.487,2843918,2826107,2776503,2749252,1973,1988,1941,1931,2337.1,2502.9,2428.3,2404.7,13.66,13.66,13.05,13.05,3.26,3.26,3.12,3.12
IT_1627-0144744,0.01455,0.00085,-0.4736,0.0294,0.0085,0.00081,-0.01181,0.00087,14.25,504,1.388,1524388,1484288,1531193,1502063,1865,1856,1738,1726,2697,2706.3,2715.8,2690.6,17.07,17.07,15.01,15.01,3.65,3.65,3.21,3.21
IT_1624-0141577,0.02311,0.00213,-0.2816,0.0464,0.01954,0.00211,-0.01234,0.00219,15.45,699,1.369,439512,427505,430074,412673,1221,1447,1193,1311,1876.6,2974.7,2095.5,2759.1,15.17,15.17,14.02,14.02,3.72,3.72,3.44,3.44
IT_1614-0127075,0.00366,0.00038,-0.4555,0.0521,0.00224,0.00039,-0.00289,0.00037,9.86,78,1.413,4929855,4886407,4984833,4951523,2590,2605,2717,2708,2314.1,2470.8,2383.2,2366.2,17.56,17.56,19.83,19.83,2.5,2.5,2.83,2.83
IT_1624-0141635,0.02557,0.00095,-0.5151,0.0186,0.01316,0.0009,-0.02192,0.00097,14.6,800,1.539,1480635,1412824,1473211,1431765,1989,1989,1851,1831,3277.2,3365.5,3362.2,3302.4,17.42,17.42,15.44,15.44,4.02,4.02,3.56,3.56
IT_1619-0138694,0.01978,0.00101,-0.4899,0.0255,0.01102,0.00097,-0.01643,0.00102,14.59,594,1.261,1252592,1208457,1246228,1216366,1776,1784,1697,1668,2455.8,2550.8,2558.8,2456.6,17.61,17.61,16.11,16.11,3.53,3.53,3.23,3.23
IT_1622-0145204,0.02291,0.00105,-0.5661,0.0229,0.00973,0.00098,-0.02074,0.00107,14.6,600,1.422,1123458,1074541,1141514,1117034,1661,1655,1568,1551,2439.5,2480.5,2484.6,2433.1,16.48,16.48,14.77,14.77,3.89,3.89,3.48,3.48
IT_1612-0127560,0.01386,0.00035,-0.3415,0.0125,0.01075,0.00035,-0.00875,0.00034,9.39,39,1.337,4995819,4893695,4853739,4740001,2413,2392,2380,2345,1186.1,1184.8,1223.4,1146.2,16.8,16.8,16.4,16.4,3.25,3.25,3.17,3.17
IT_1626-0143898,0.01877,0.00194,-0.4541,0.0519,0.01155,0.00186,-0.0148,0.00198,15.64,849,1.28522475,400122,387261,383117,373542,1121,1084,1011,979,1518.9,1399.2,1519.1,1389.4,15.21,15.21,13.26,13.26,3.7,3.7,3.22,3.22
IT_1612-0128444,0.01706,0.00123,-0.4772,0.0362,0.00986,0.00121,-0.01392,0.00124,13.54,120,1.275,641444,621956,642187,628252,1119,1102,1093,1076,1169.5,1136.4,1176.1,1126.2,14.68,14.68,13.97,13.97,3.86,3.86,3.67,3.67
IT_1614-0126945,0.0136,0.00168,-0.4895,0.0624,0.00759,0.0017,-0.01129,0.00167,13.07,87,1.644,645912,629570,651720,640484,1473,1536,1573,1538,1235.3,1403,1352.3,1279.1,21.72,21.72,22.6,22.6,3.61,3.61,3.75,3.75
IT_1627-0144460,0.01913,0.0015,-0.4918,0.0394,0.0106,0.00144,-0.01593,0.00153,14.38,243,1.262,471715,455534,484073,472869,1006,997,980,973,1131.4,1128.2,1131.4,1125.6,14.06,14.06,13.26,13.26,3.82,3.82,3.6,3.6
IT_1619-0138272,0.02428,0.00168,-0.4351,0.0347,0.01565,0.00164,-0.01856,0.0017,14.13,130,1.248,355478,341479,358446,346628,844,835,824,816,746.5,745.1,743.7,743.1,14.09,14.09,13.4,13.4,3.89,3.89,3.7,3.7
IT_1627-0145758,0.02196,0.00149,-0.4854,0.034,0.0124,0.0014,-0.01813,0.00153,14.28,148,1.341,459771,442061,470463,457921,978,969,927,917,780.5,781.3,785.1,775.9,16.07,16.07,14.3,14.3,3.58,3.58,3.18,3.18
IT_1610-0129791,0.02203,0.00117,-0.5334,0.0266,0.01064,0.00116,-0.01929,0.00117,11.3,45,1.379,682666,654830,646540,631529,1107,1111,1058,1046,1179,1260.7,1232.4,1206,13.83,13.83,12.69,12.69,3.95,3.95,3.62,3.62
IT_1616-0132151,0.0241,0.00119,-0.4947,0.0246,0.01323,0.00118,-0.02014,0.00119,13.22,96,1.339,686355,657262,653898,635409,1130,1134,1086,1060,1206.6,1284.2,1292.4,1201,14.25,14.25,13.05,13.05,3.76,3.76,3.44,3.44
IT_1628-0143449,0.01348,0.00193,-0.3596,0.0727,0.01014,0.00188,-0.00888,0.00199,15.14,340,1.262,315809,309318,311710,304778,891,872,803,839,1013.6,954.8,892.7,1074.2,14,14,12.51,12.51,4.33,4.33,3.87,3.87
IT_1616-0131664,0.01653,0.00151,-0.4624,0.0459,0.00995,0.00149,-0.0132,0.00152,13.77,144,1.243,555671,539510,540391,528565,1181,1176,1122,1131,1179.2,1185.8,1155.1,1206.7,16.95,16.95,15.92,15.92,3.67,3.67,3.44,3.44
IT_1616-0132249,0.02216,0.00145,-0.5156,0.0328,0.01139,0.00135,-0.01901,0.00149,13.31,102,1.493,531139,509783,545042,531591,1087,1100,1041,1013,1257.3,1354.1,1359.9,1249.1,14.62,14.62,12.88,12.88,3.68,3.68,3.24,3.24
IT_1612-0128556,0.01647,0.00115,-0.5165,0.0349,0.00843,0.00111,-0.01414,0.00116,13.51,120,1.253,694154,672768,697225,684047,1128,1111,1097,1081,1157.8,1128.6,1168.5,1119.6,14.36,14.36,13.44,13.44,3.85,3.85,3.6,3.6
IT_1627-0144633,0.02306,0.00231,-0.4039,0.0505,0.01594,0.00222,-0.01667,0.0024,15.35,630,1.311,412198,397483,441945,427134,1307,1431,1277,1442,1667,2120.8,1585.7,2207.8,17.66,17.66,17.36,17.36,3.9,3.9,3.84,3.84
IT_1630-0130323,0.01265,0.00105,-0.3049,0.0415,0.01037,0.00103,-0.00725,0.00107,12.91,81,1.271,709778,697447,700688,684783,1068,1062,1016,1008,1088.8,1090.6,1087.3,1086.3,12.87,12.87,11.35,11.35,3.95,3.95,3.49,3.49
IT_1629-0138913,0.01109,0.00134,-0.4781,0.0608,0.0064,0.00127,-0.00906,0.00137,14.72,448,1.518,756111,740300,767981,756541,1450,1449,1368,1362,1633.5,1646.5,1639.5,1635.1,18.13,18.13,16.5,16.5,3.29,3.29,3,3
IT_1614-0126651,0.0177,0.00119,-0.4573,0.0336,0.0108,0.00115,-0.01402,0.0012,13.51,120,1.262,681977,661118,693780,677454,1151,1135,1128,1111,1162.9,1133.8,1164.9,1124.1,15.08,15.08,14.33,14.33,3.82,3.82,3.63,3.63
IT_1625-0144183,0.01439,0.00217,-0.5751,0.0766,0.00588,0.00198,-0.01313,0.00221,15.62,831,1.363,386937,375762,401185,395622,1195,1183,1133,1100,1449.7,1425.5,1474.9,1360.9,17.03,17.03,15.64,15.64,3.85,3.85,3.54,3.54
IT_1612-0128693,0.00491,0.00036,-0.1729,0.0363,0.00462,0.00036,-0.00166,0.00035,9.63,39,1.382,4491797,4463336,4487487,4436411,2238,2242,2250,2240,1152.5,1257.1,1189.7,1199.6,13.64,13.64,14.15,14.15,2.58,2.58,2.68,2.68
IT_1621-0143472,0.01903,0.00097,-0.5031,0.0256,0.01018,0.00093,-0.01607,0.00099,14.58,730,1.253,1577344,1522842,1557627,1522860,2163,2161,2036,2016,3894,3955.6,3962.1,3894.1,17.82,17.82,16.27,16.27,3.56,3.56,3.25,3.25
IT_1626-0144489,0.00801,0.00168,-0.1711,0.1079,0.00754,0.00165,-0.00269,0.0019,14.22,140,1.309,394269,390969,405901,398939,1055,1052,940,934,771.1,768.4,772,767.3,19.17,19.17,15.88,15.88,4.04,4.04,3.35,3.35
IT_1616-0132049,0.01859,0.0015,-0.3997,0.0405,0.01296,0.00145,-0.01333,0.00154,13.68,135,1.499,539018,523254,560387,544839,1171,1150,1147,1122,1212.6,1164.7,1222.5,1155.9,16.66,16.66,15.88,15.88,3.8,3.8,3.62,3.62
IT_1619-0138253,0.02516,0.00041,-0.4281,0.0081,0.01649,0.00041,-0.01901,0.00041,9.97,42,1.429,3515779,3374339,3484846,3364344,2004,1980,1992,1962,1159.6,1265.9,1208.5,1207.9,13.41,13.41,12.96,12.96,2.84,2.84,2.75,2.75
IT_1614-0127417,0.01402,0.00061,-0.4957,0.0216,0.00767,0.0006,-0.01173,0.00061,10.51,42,1.488,1722819,1677714,1685099,1655763,1467,1465,1418,1408,1161,1263.4,1205.7,1214.8,12.47,12.47,10.71,10.71,3.67,3.67,3.15,3.15
IT_1622-0144725,0.01667,0.00283,-0.5514,0.0865,0.00752,0.00278,-0.01488,0.00284,15.14,510,1.64,404056,391018,401729,394857,1596,1597,1562,1569,1223.6,1233.8,1218.1,1233.9,25.29,25.29,24.81,24.81,3.41,3.41,3.35,3.35
IT_1616-0131829,0.01218,0.00143,-0.4779,0.0594,0.00703,0.00144,-0.00995,0.00143,13.73,141,1.673,540780,528505,514887,506580,1093,1072,1046,1027,1261.1,1196.8,1258.1,1192.9,14.63,14.63,13.83,13.83,3.64,3.64,3.44,3.44
IT_1625-0143755,0.02413,0.00197,-0.5048,0.0409,0.01284,0.00183,-0.02043,0.00202,15.99,1227,1.266,370009,354122,381970,371460,1039,1028,980,966,1468.4,1452,1478,1436.3,14.15,14.15,12.8,12.8,3.9,3.9,3.53,3.53
IT_1627-0144920,0.01523,0.00205,-0.2903,0.0681,0.01274,0.00202,-0.00835,0.00212,15.28,588,1.484,400142,392311,394943,384159,1172,1201,1045,1172,1627.3,1757.2,1405.2,1992.6,15.64,15.64,14.34,14.34,3.9,3.9,3.58,3.58
IT_1625-0144013,0.02228,0.00297,-0.4673,0.0675,0.01324,0.0029,-0.01792,0.00301,15.16,346,1.263,282602,271824,292750,284470,1162,1195,1200,1165,876.5,949.6,928.2,868.9,21.62,21.62,21.75,21.75,3.42,3.42,3.44,3.44
IT_1628-0143622,0.0266,0.00251,-0.3519,0.0475,0.02028,0.00245,-0.01721,0.0026,15.36,636,1.409,391447,377046,421893,404226,1343,1477,1320,1521,1683.2,2148.4,1574.1,2277.8,18.29,18.29,18.28,18.28,3.86,3.86,3.86,3.86
IT_1624-0141727,0.02023,0.00185,-0.4161,0.0461,0.01362,0.00183,-0.01496,0.00187,15.17,525,1.309,438554,424325,423688,411391,1155,1125,1047,1114,1534,1439.9,1325.1,1638.8,15.48,15.48,14.48,14.48,4.15,4.15,3.88,3.88
IT_1629-0138276,0.01197,0.00106,-0.4174,0.0445,0.00803,0.00101,-0.00887,0.0011,14.6,600,1.381,1063892,1042032,1077729,1058205,1644,1637,1529,1517,2426.6,2427.1,2448.7,2416.5,16.53,16.53,14.57,14.57,3.85,3.85,3.39,3.39
IT_1615-0128326,0.02027,0.00137,-0.5327,0.0339,0.00981,0.0013,-0.01774,0.00139,13.33,105,1.523,573387,551736,566129,553898,1101,1113,1044,1016,1271.9,1367.6,1381.4,1261.4,14.42,14.42,12.62,12.62,3.68,3.68,3.22,3.22
IT_1627-0145009,0.01644,0.00263,-0.2939,0.0813,0.01369,0.00262,-0.00912,0.00265,15.36,636,1.387,396002,387653,366161,355488,1395,1540,1239,1421,1687.8,2160.8,1588.3,2264.5,19.04,19.04,17.22,17.22,4.03,4.03,3.64,3.64
IT_1607-0128814,0.00315,0.00036,-0.1476,0.0578,0.00301,0.00036,-0.00092,0.00036,9.39,39,1.331,4486891,4464816,4510935,4473979,2295,2289,2301,2283,1178.3,1174.3,1212.3,1141.2,16.38,16.38,16.21,16.21,3,3,2.96,2.96
IT_1627-0144749,0.02379,0.00142,-0.393,0.0299,0.01682,0.00137,-0.01683,0.00147,14.74,342,1.293,546650,526959,547026,527764,1118,1107,1047,1036,1209.7,1202,1215.1,1203.7,15.43,15.43,13.72,13.72,3.92,3.92,3.48,3.48
IT_1628-0142741,0.01467,0.00146,-0.4412,0.05,0.00932,0.00142,-0.01133,0.00148,14.74,342,1.388,496924,484309,487698,477631,1030,1023,972,968,1153.7,1148.6,1146.4,1152.5,14.24,14.24,12.91,12.91,3.85,3.85,3.49,3.49
IT_1624-0140516,0.02003,0.00156,-0.3557,0.039,0.01517,0.00153,-0.01308,0.00159,14.27,222,1.256,509788,495099,527466,510568,1132,1123,1129,1121,1129.5,1120.9,1122.1,1121.9,16.64,16.64,16.44,16.44,3.78,3.78,3.73,3.73
IT_1623-0141802,0.01988,0.00208,-0.4503,0.0528,0.01235,0.00198,-0.01558,0.00214,14.83,375,1.312,431221,416712,437306,425692,1216,1347,1188,1227,1330.5,1777.7,1474.3,1635.3,17.75,17.75,16.39,16.39,3.26,3.26,3.01,3.01
IT_1625-0144034,0.01281,0.00276,-0.9774,0.1114,-0.0048,0.00273,-0.01188,0.00277,15.68,885,1.295,392706,382323,370047,372789,1535,1499,1454,1418,1445.6,1372.9,1452.6,1364.5,22.67,22.67,21.47,21.47,3.61,3.61,3.42,3.42
IT_1622-0144876,0.02436,0.00204,-0.5382,0.0421,0.01156,0.00184,-0.02145,0.0021,14.93,414,1.256,458522,437928,437398,426455,1404,1256,1086,1160,1980.8,1491.8,1545.2,1915.6,17.52,17.52,14.12,14.12,4.12,4.12,3.32,3.32
IT_1625-0143438,0.01901,0.00215,-0.4457,0.0569,0.01194,0.00201,-0.01479,0.00223,15.63,840,1.401,386901,374493,373078,363466,1213,1191,1051,1040,1582,1521.9,1551.3,1524.1,16.67,16.67,13.99,13.99,3.67,3.67,3.08,3.08
IT_1624-0141323,0.02199,0.00201,-0.5443,0.046,0.0102,0.00196,-0.01949,0.00202,15.05,465,1.378,376772,361261,354698,346768,1061,1052,974,973,1196.3,1189.5,1189.5,1200.7,15.98,15.98,14.37,14.37,3.75,3.75,3.37,3.37
IT_1625-0144152,0.0215,0.00171,-0.5822,0.0399,0.0085,0.00157,-0.01975,0.00174,15.59,807,1.296,459954,440797,449459,440908,1112,1098,1000,974,1433.1,1410.5,1455.7,1344.6,14.94,14.94,12.6,12.6,3.68,3.68,3.1,3.1
IT_1613-0126933,0.01899,0.00159,-0.5583,0.042,0.00833,0.00157,-0.01707,0.0016,13.62,129,1.351,640115,616776,643682,631647,1430,1406,1426,1398,1184.2,1145.3,1193.5,1134,21.35,21.35,21.18,21.18,3.83,3.83,3.79,3.79
IT_1620-0139924,0.02387,0.00221,-0.5518,0.0465,0.01075,0.00209,-0.02131,0.00223,14.87,260,1.249759417,385362,368153,380599,371679,1274,1108,1104,1119,1422.8,987.8,1170.1,1228.2,18.59,18.59,17.02,17.02,4.06,4.06,3.72,3.72
IT_1611-0128401,0.02581,0.00166,-0.5779,0.0323,0.0104,0.00165,-0.02362,0.00167,13.68,135,1.499,489292,465291,473899,463113,1137,1114,1107,1083,1204.6,1162.6,1217.1,1149,16.45,16.45,15.87,15.87,3.79,3.79,3.66,3.66
IT_1624-0142615,0.00212,0.00043,-0.5129,0.1038,0.0011,0.00043,-0.00182,0.00043,11.45,2.5,1.269825781,3588472,3564524,3504694,3489252,2170,2164,2127,2124,1430.3,1430.3,1424.9,1429.4,17.71,17.71,16.98,16.98,3.16,3.16,3.03,3.03
IT_1625-0144238,0.01957,0.00208,-0.4144,0.0536,0.01322,0.00196,-0.01442,0.00218,14.97,286,1.294,356879,345682,370035,359579,1128,1039,947,1070,1551.4,1239.7,1114.5,1662.5,15.56,15.56,14,14,3.61,3.61,3.25,3.25
IT_1625-0143980,0.01351,0.00178,-0.3758,0.0667,0.00987,0.00171,-0.00923,0.00186,15.87,1080,1.359,399119,390646,389570,381107,1046,1034,931,930,1427.9,1399.7,1398.2,1420.2,14.19,14.19,12,12,3.82,3.82,3.23,3.23
IT_1621-0143135,0.01511,0.00142,-0.4031,0.0473,0.01046,0.00141,-0.01091,0.00143,14.53,282,1.267,479610,467831,465924,455268,964,957,919,913,1144,1136.4,1139,1141.2,12.85,12.85,11.84,11.84,3.85,3.85,3.55,3.55
IT_1616-0132391,0.02225,0.00051,-0.4209,0.0115,0.01482,0.00051,-0.0166,0.00052,10.13,42,1.44,2291685,2210163,2285905,2214232,1651,1637,1636,1615,1165.6,1261.2,1201.1,1219.2,12.5,12.5,11.7,11.7,3.03,3.03,2.84,2.84
IT_1628-0143276,0.01999,0.00222,-0.4904,0.0559,0.01112,0.00211,-0.01661,0.00226,15.24,376,1.308,294863,284364,290261,283245,919,933,817,894,1109.9,1183.6,963.6,1319.7,14.33,14.33,12.82,12.82,4,4,3.58,3.58
IT_1620-0139791,0.00676,0.00174,0.1059,0.1353,0.0066,0.00174,0.00142,0.0018,14.82,372,1.275,422425,422339,430882,424286,1096,1058,1058,1048,1373.5,1232,1315.3,1288.1,15.25,15.25,14.7,14.7,3.81,3.81,3.67,3.67
IT_1619-0138438,0.02573,0.00192,-0.4826,0.0375,0.01465,0.00183,-0.02115,0.00196,14.93,414,1.255,459068,438697,455530,441397,1315,1181,1116,1196,1970.5,1484.5,1519.9,1904.6,16.19,16.19,14.65,14.65,4.12,4.12,3.73,3.73
IT_1626-0144179,0.01995,0.00174,-0.5222,0.0438,0.01002,0.00157,-0.01725,0.00179,15.36,636,1.319,442520,426216,449229,439342,1102,1096,992,983,1261,1266.4,1274.2,1256.5,15.81,15.81,13.23,13.23,4.06,4.06,3.4,3.4
IT_1616-0131278,0.01884,0.00147,-0.5152,0.0391,0.0097,0.00146,-0.01616,0.00147,13.61,129,1.356,620522,598974,614440,601308,1276,1253,1270,1246,1189,1146.5,1196,1137.3,18.36,18.36,18.24,18.24,3.8,3.8,3.78,3.78
IT_1615-0129058,0.01997,0.00142,-0.515,0.0357,0.01028,0.00138,-0.01712,0.00143,13.23,99,1.354,554206,533941,561880,549226,1099,1108,1096,1068,1228.7,1301.3,1308.5,1209.4,14.82,14.82,14.22,14.22,3.75,3.75,3.6,3.6
IT_1626-0143517,0.02395,0.00178,-0.4664,0.0373,0.01427,0.00173,-0.01924,0.00181,15.25,570,1.349,449391,431114,441974,428590,1116,1132,1011,1112,1669.9,1784.3,1431.9,1993.1,14.07,14.07,13.03,13.03,3.7,3.7,3.43,3.43
IT_1623-0142135,0.02535,0.00191,-0.4451,0.0379,0.01595,0.00184,-0.01971,0.00196,15.16,519,1.277,405923,389057,417687,403676,1120,1088,1036,1097,1535.9,1440.3,1332,1627.7,15.06,15.06,14.27,14.27,4.05,4.05,3.84,3.84
IT_1626-0144375,0.01794,0.00173,-0.4207,0.0486,0.01196,0.00167,-0.01337,0.00178,14.97,858,1.313,715352,694385,738260,719221,1805,1742,1653,1788,3649.8,3356.9,3112.3,3867.2,16.78,16.78,16.14,16.14,3.77,3.77,3.63,3.63
IT_1625-0143724,0.02706,0.00181,-0.4338,0.0335,0.0175,0.00178,-0.02064,0.00183,15.93,1152,1.275,394301,377206,386578,372455,1002,999,960,947,1441.3,1469.5,1465.1,1436.8,13.29,13.29,12.38,12.38,3.85,3.85,3.59,3.59
IT_1614-0126794,0.01284,0.00068,-0.5047,0.0266,0.00683,0.00068,-0.01087,0.00068,10.31,42,1.267,1592829,1553849,1584959,1559986,1514,1514,1524,1511,1172.2,1237.2,1215.8,1188.8,15.62,15.62,15.76,15.76,4.09,4.09,4.12,4.12
IT_1624-0142719,0.01797,0.00198,-0.4399,0.0555,0.01145,0.00181,-0.01385,0.00209,15.49,726,1.257109226,383801,372178,398174,388297,1111,1118,1024,988,1367.9,1411.9,1448.2,1313.5,15.93,15.93,13.66,13.66,3.83,3.83,3.29,3.29
IT_1615-0129572,0.01907,0.00127,-0.4596,0.0334,0.01157,0.00125,-0.01516,0.00128,13.57,123,1.305,610558,590543,608256,593032,1097,1084,1069,1049,1177,1159.4,1193.5,1131.2,14.44,14.44,13.67,13.67,3.74,3.74,3.54,3.54
IT_1627-0144496,0.01556,0.00208,-0.3972,0.0677,0.0109,0.00201,-0.0111,0.00214,15.04,462,1.328,356997,348096,361098,352529,1082,1055,1014,1018,1291.5,1215.1,1235,1267.8,16.01,16.01,14.9,14.9,3.81,3.81,3.55,3.55
IT_1611-0128472,0.00181,0.00094,-0.0425,0.3165,0.0018,0.00094,-0.00015,0.00093,11.23,45,1.288,990383,987067,972269,966635,1288,1303,1287,1279,1177.9,1251.3,1232,1204.6,15.25,15.25,15.1,15.1,4.13,4.13,4.09,4.09
IT_1626-0144537,0.01537,0.00096,-0.4104,0.0313,0.01048,0.00092,-0.01125,0.00099,14.22,420,1.274,1404842,1369475,1410433,1378122,1943,1948,1820,1809,2333.2,2389,2368.9,2359.3,19.91,19.91,17.89,17.89,3.85,3.85,3.46,3.46
IT_1628-0143524,0.01055,0.00076,-0.359,0.0363,0.00795,0.00074,-0.00694,0.0008,14.66,1336,1.262,2178302,2141771,2210086,2170433,2483,2388,2204,2347,6116,5459.7,5085.4,6421.6,16.27,16.27,14.64,14.64,3.93,3.93,3.54,3.54
IT_1609-0129826,0.00604,0.00045,0.0644,0.0374,0.00599,0.00045,0.00078,0.00043,10.22,56,1.471,3573095,3567313,3498239,3448975,2185,2184,2225,2195,1577.2,1578.1,1656.6,1557.6,17.49,17.49,18.65,18.65,2.65,2.65,2.82,2.82
IT_1615-0129408,0.01963,0.00135,-0.4929,0.0346,0.01084,0.00133,-0.01637,0.00136,13.55,123,1.294,595102,574189,584422,570621,1135,1117,1097,1078,1173.3,1141.5,1183.6,1129.4,15.55,15.55,14.7,14.7,3.88,3.88,3.67,3.67
IT_1625-0144177,0.00351,0.00171,-0.0832,0.2905,0.00346,0.0017,-0.00058,0.00191,15.59,825,1.322,432730,430918,450836,446735,1171,1164,1095,1066,1449.4,1425.8,1471.7,1355,16.23,16.23,14.5,14.5,3.85,3.85,3.44,3.44
IT_1624-0141508,0.01714,0.00163,-0.4842,0.048,0.00971,0.00158,-0.01412,0.00166,15.16,519,1.276,517874,501931,513170,502186,1211,1182,1104,1166,1533,1446.5,1338.9,1628.1,15.89,15.89,14.74,14.74,3.99,3.99,3.71,3.71
IT_1621-0143266,0.01695,0.00197,-0.4588,0.0586,0.0103,0.00204,-0.01346,0.00192,15.2,540,1.411,471045,457136,459103,448750,1276,1251,1255,1359,1488.6,1425.7,1286.8,1611.9,17.64,17.64,18.55,18.55,3.78,3.78,3.98,3.98
IT_1623-0141731,0.02246,0.00218,-0.5503,0.0489,0.01018,0.00201,-0.02002,0.00223,14.96,426,1.276,400095,383208,401283,392327,1306,1162,1088,1169,1985.6,1470.1,1528.9,1904.5,16.35,16.35,14.55,14.55,4.04,4.04,3.59,3.59
IT_1628-0143323,0.01433,0.00062,-0.4254,0.0215,0.00945,0.0006,-0.01077,0.00063,14.27,1020,1.358,2740803,2674245,2702152,2645691,2458,2375,2198,2309,5433.1,4880.1,4531.2,5725,15.73,15.73,13.95,13.95,3.35,3.35,2.97,2.97
IT_1618-0136550,0.02034,0.00133,-0.4743,0.0328,0.01185,0.00127,-0.01653,0.00136,13.41,111,1.593,601482,580159,574458,559758,1130,1145,1033,1002,1303.9,1407.7,1427.7,1289.7,14.63,14.63,12.06,12.06,3.8,3.8,3.14,3.14
IT_1619-0138222,0.02831,0.00164,-0.4312,0.0291,0.01842,0.00162,-0.0215,0.00165,15.24,752,1.258,595206,568426,598282,575366,1348,1371,1282,1405,2213.7,2375.2,1953.6,2614,15.07,15.07,14.85,14.85,3.95,3.95,3.89,3.89
IT_1630-0130343,0.01867,0.00219,-0.5096,0.0591,0.00978,0.00204,-0.0159,0.00224,14.79,360,1.365149093,411435,397345,420956,411884,1343,1217,1229,1174,1816.6,1415.4,1706.6,1513.3,17.54,17.54,16.13,16.13,3.77,3.77,3.47,3.47
IT_1626-0144515,0.01407,0.00096,-0.5483,0.0341,0.00642,0.00088,-0.01252,0.00097,14.04,360,1.385,1499829,1458326,1553522,1530297,2040,2034,1929,1919,2295.3,2310.6,2305.7,2289.1,21.12,21.12,19.23,19.23,3.88,3.88,3.53,3.53
IT_1622-0144633,0.01035,0.00244,0.2443,0.1224,0.00914,0.00242,0.00486,0.00252,15.43,684,1.301,371989,374485,367690,360232,1207,1442,1188,1294,1813.6,2856.2,2068.9,2605.1,15.64,15.64,14.45,14.45,3.69,3.69,3.41,3.41
IT_1625-0143808,0.02935,0.0033,-0.3894,0.0567,0.02089,0.00307,-0.02061,0.00353,15.43,228,1.274,129602,123990,133852,128090,634,630,572,564,425,424.9,428.5,421.4,16.17,16.17,13.71,13.71,4.2,4.2,3.56,3.56
IT_1621-0142941,0.02418,0.00189,-0.4988,0.0392,0.01312,0.00186,-0.02032,0.0019,14.91,270,1.301,452337,432989,440829,428464,1241,1135,1135,1150,1111.3,874,966.7,1019.4,19.61,19.61,18.66,18.66,3.58,3.58,3.41,3.41
IT_1623-0142102,0.02013,0.00101,-0.555,0.0252,0.00895,0.00095,-0.01803,0.00103,14.7,660,1.26,1318946,1268404,1301798,1275869,1884,1882,1755,1712,2550.9,2601.4,2678.9,2490.2,18.61,18.61,16.41,16.41,4.55,4.55,4.01,4.01
IT_1625-0143919,0.0133,0.00128,-0.3815,0.0485,0.00962,0.00123,-0.00919,0.00134,14.63,309,1.338,599218,586532,611794,598813,1123,1118,1056,1047,1217.5,1215.8,1221.1,1204.5,14.96,14.96,13.13,13.13,3.82,3.82,3.35,3.35
IT_1630-0130326,0.01463,0.00145,-0.3787,0.0498,0.01063,0.00138,-0.01005,0.00152,14.55,380,1.274,591297,577788,601277,587324,1260,1256,1165,1155,1631.5,1634.2,1641.5,1618.2,15.8,15.8,13.84,13.84,3.68,3.68,3.22,3.22
IT_1626-0144569,0.01606,0.00229,-0.7417,0.0724,0.0014,0.00207,-0.01599,0.00229,15.52,750,1.359,377956,364947,358853,357059,1200,1210,1064,1029,1411.3,1462.8,1507.3,1366.5,17.39,17.39,14.57,14.57,3.77,3.77,3.16,3.16
IT_1623-0141876,0.02846,0.00215,-0.469,0.0379,0.01683,0.00203,-0.02295,0.00222,14.92,408,1.295,412271,392571,385066,371492,1334,1190,1048,1117,2020.5,1510.6,1591.2,1952.7,16.57,16.57,13.68,13.68,4.38,4.38,3.61,3.61
IT_1610-0128296,0.00249,0.0004,0.1515,0.0822,0.00238,0.0004,0.00074,0.0004,9.67,39,1.382,3838248,3831984,3740575,3714636,2158,2155,2132,2114,1196.1,1187.2,1223.7,1149.6,16.64,16.64,16.33,16.33,3.67,3.67,3.6,3.6
IT_1625-0143306,0.01645,0.00284,-0.3786,0.0881,0.01196,0.00274,-0.0113,0.00295,15.86,712,1.508,246233,240002,248172,241772,1037,991,958,943,1091.4,975.4,1040.3,1005.6,17.48,17.48,16.18,16.18,3.13,3.13,2.9,2.9
IT_1620-0139905,0.00499,0.00175,-0.2795,0.1921,0.00423,0.00172,-0.00265,0.00183,14.74,342,1.361,425695,422174,427245,422708,1097,1097,1038,1031,1225.8,1231.8,1238.7,1220.6,16.07,16.07,14.71,14.71,3.72,3.72,3.41,3.41
IT_1625-0143957,0.01624,0.00221,-0.4408,0.0689,0.01033,0.00203,-0.01254,0.00232,15.51,744,1.29,313723,305030,310210,303195,1011,1022,899,866,975.4,1015.4,1048.8,939.4,17.12,17.12,14.04,14.04,3.71,3.71,3.04,3.04
IT_1613-0126453,0.00366,0.00119,0.1367,0.1753,0.00353,0.00119,0.00099,0.00121,12.99,84,1.537,708221,707477,690897,684523,1197,1232,1164,1148,1255.8,1408.5,1365.3,1303,15.37,15.37,14.2,14.2,3.91,3.91,3.61,3.61
IT_1614-0127906,0.02056,0.00154,-0.5446,0.0377,0.00953,0.0015,-0.01822,0.00156,13.77,144,1.332,529107,508579,500624,490089,1146,1137,1044,1052,1206.4,1205.1,1179,1234.6,16.26,16.26,14.38,14.38,4.04,4.04,3.57,3.57
IT_1613-0125708,0.00398,0.00042,0.0659,0.0533,0.00394,0.00042,0.00052,0.00042,9.68,39,1.402,3548190,3540726,3443016,3408451,2090,2087,2051,2029,1194.7,1187.8,1239.1,1154.7,16.69,16.69,15.84,15.84,3.72,3.72,3.53,3.53
IT_1626-0144285,0.01305,0.0026,-0.4849,0.1022,0.00738,0.00232,-0.01076,0.00272,14.99,438,1.268,303097,295742,310091,304871,1198,1102,934,1078,2307.9,1871.6,1651.7,2514.4,14.26,14.26,12,12,3.74,3.74,3.15,3.15
IT_1625-0142921,0.016,0.00113,-0.4205,0.0355,0.01067,0.00109,-0.01193,0.00117,14.74,684,1.494,1153782,1123196,1167965,1140772,1883,1873,1777,1770,2438.4,2433.3,2432.7,2436.3,19.6,19.6,18.05,18.05,3.58,3.58,3.3,3.3
IT_1621-0143970,0.03092,0.00223,-0.455,0.0362,0.01897,0.00217,-0.02441,0.00226,14.86,384,1.253971951,413767,392839,418016,401557,1391,1189,1255,1262,1560,1044.9,1274.3,1313.6,19.57,19.57,18.94,18.94,3.82,3.82,3.69,3.69
IT_1624-0142842,0.01236,0.00213,-0.583,0.0877,0.00487,0.00212,-0.01136,0.00213,15.94,1164,1.379,426458,415600,407875,403029,1272,1260,1214,1221,1401.8,1381.1,1373.5,1402.5,18.38,18.38,17.64,17.64,3.6,3.6,3.45,3.45
IT_1609-0129855,0.00578,0.00069,-0.1277,0.0603,0.0056,0.00069,-0.00146,0.00069,10.69,42,1.646,1490902,1481863,1426234,1407240,1462,1458,1394,1373,1233.6,1228.4,1279.9,1185.6,14.7,14.7,12.99,12.99,3.82,3.82,3.37,3.37
IT_1624-0141456,0.00324,0.00233,-0.298,1.0724,0.00269,0.0023,-0.00182,0.00241,15.09,483,1.34,408218,405501,416309,413164,1415,1359,1321,1373,1408.4,1276,1269.5,1406.8,20.91,20.91,20.19,20.19,3.75,3.75,3.62,3.62
IT_1620-0139577,0.02217,0.00183,-0.3619,0.0415,0.01661,0.00178,-0.01468,0.00189,15.17,525,1.289,438360,424387,430654,415661,1167,1142,1034,1098,1524.5,1455.2,1329.8,1641.4,15.73,15.73,14.12,14.12,4.11,4.11,3.69,3.69
IT_1623-0142742,0.02523,0.00115,-0.5471,0.0229,0.01157,0.00108,-0.02242,0.00117,14.53,564,1.281,971488,926111,968156,943916,1579,1570,1463,1447,2438.1,2467.1,2479.8,2432.1,15.94,15.94,14,14,3.63,3.63,3.18,3.18
IT_1616-0130913,0.02196,0.0014,-0.3932,0.0321,0.01551,0.00134,-0.01554,0.00147,13.42,111,1.621,558343,539614,560777,542446,1131,1147,1062,1027,1312.6,1414.3,1434.5,1294.3,15.03,15.03,12.87,12.87,3.79,3.79,3.24,3.24
IT_1629-0138234,0.01297,0.00224,-0.4005,0.0881,0.00903,0.00214,-0.00932,0.00233,14.94,417,1.281,368851,360930,369559,362140,1267,1133,1066,1148,1979.7,1478.3,1526.9,1906.4,15.96,15.96,14.41,14.41,4.03,4.03,3.63,3.63
IT_1629-0138619,0.01177,0.00152,-0.5667,0.0652,0.00499,0.00145,-0.01066,0.00153,14.71,333,1.265,597727,583351,601534,594249,1286,1276,1225,1220,1202.4,1188.2,1199,1190.3,18.67,18.67,17.38,17.38,3.48,3.48,3.24,3.24
IT_1619-0138483,0.02674,0.00177,-0.5083,0.0333,0.01407,0.00175,-0.02273,0.00179,15.03,456,1.281,475534,453002,460483,446713,1197,1148,1117,1123,1396.1,1261.7,1300.7,1348.5,16.66,16.66,15.72,15.72,3.71,3.71,3.5,3.5
IT_1626-0144021,0.01954,0.00259,-0.3726,0.0669,0.01436,0.00245,-0.01325,0.00274,15.1,489,1.298,377675,366681,417724,404996,1443,1440,1428,1418,1216.8,1219.3,1228.3,1214.8,22.97,22.97,22.39,22.39,4.08,4.08,3.98,3.98
IT_1620-0140250,0.02138,0.00252,-0.4258,0.0594,0.01409,0.00237,-0.01608,0.00262,14.81,360,1.275304895,519306,501333,523957,508272,1918,1865,1744,1721,7086.1,6678.3,6974.8,6793.7,13.57,13.57,12.28,12.28,3.93,3.93,3.56,3.56
IT_1625-0143870,0.01478,0.00182,-0.4069,0.062,0.01015,0.00173,-0.01074,0.00189,15.61,831,1.341,435495,424933,433462,423809,1154,1142,1066,1035,1458.2,1430,1480.9,1362.6,15.84,15.84,14.04,14.04,3.63,3.63,3.22,3.22
IT_1610-0129762,0.00742,0.00072,-0.3375,0.0491,0.00579,0.00073,-0.00464,0.00071,11.01,45,1.274,1454166,1436366,1423986,1404475,1455,1463,1468,1456,1175.1,1248.6,1225.3,1200.9,15.21,15.21,15.62,15.62,4.06,4.06,4.17,4.17
IT_1624-0142494,0.02013,0.00101,-0.5142,0.0251,0.01039,0.00092,-0.01724,0.00104,14.04,360,1.395,1412529,1360498,1504967,1470746,2038,2032,1940,1929,2295.8,2318.9,2306.3,2297.1,21.39,21.39,19.59,19.59,3.82,3.82,3.5,3.5
IT_1619-0138405,0.0251,0.00121,-0.5632,0.0241,0.01079,0.00114,-0.02266,0.00123,14.65,630,1.253,1131893,1078452,1122941,1096531,1916,1916,1819,1769,2514.1,2569.1,2639.9,2453.1,19.86,19.86,18.16,18.16,4.36,4.36,3.98,3.98
IT_1624-0142434,0.02275,0.00123,-0.614,0.0271,0.00764,0.00115,-0.02143,0.00124,14.71,333,1.267,636302,607768,613243,602602,1096,1086,994,982,1288.2,1302.5,1317.2,1271.4,13.52,13.52,10.99,10.99,3.99,3.99,3.25,3.25
IT_1624-0142997,0.01637,0.00136,-0.5753,0.0416,0.00668,0.00127,-0.01495,0.00137,14.2,414,1.29,1074104,1039302,1088036,1071220,2049,2057,1937,1930,2338.2,2389.5,2358.4,2350.1,22.48,22.48,20.88,20.88,4.04,4.04,3.75,3.75
IT_1622-0145037,0.02456,0.00109,-0.4205,0.0221,0.01638,0.00105,-0.01831,0.00111,14.59,594,1.259,1144431,1099950,1171978,1131695,1765,1759,1725,1705,2407.2,2432.4,2438.5,2397,18.07,18.07,17.24,17.24,3.57,3.57,3.41,3.41
IT_1622-0144443,0.01266,0.00236,-0.8108,0.0955,-0.00064,0.00186,-0.01264,0.00236,14.86,384,1.538,344544,334923,418750,418364,1135,1135,1099,1102,1155.6,1167.9,1171.4,1180.7,18.05,18.05,16.54,16.54,4.15,4.15,3.8,3.8
IT_1622-0144632,0.01411,0.00157,-0.3536,0.0559,0.01073,0.00152,-0.00917,0.00163,15.15,513,1.256,467877,458006,456577,445894,1076,1057,947,990,1515.6,1444.2,1335.7,1616.8,13.77,13.77,11.81,11.81,4.29,4.29,3.68,3.68
IT_1624-0142955,0.02005,0.00161,-0.4441,0.0402,0.01265,0.00156,-0.01556,0.00164,15.05,465,1.261,574731,555435,577474,561802,1281,1330,1264,1247,1273.9,1449.3,1375.2,1340.7,18.26,18.26,17.27,17.27,3.61,3.61,3.41,3.41
IT_1619-0138761,0.02438,0.00195,-0.4478,0.0401,0.01524,0.00184,-0.01903,0.00201,14.96,426,1.278,444641,426720,431295,417424,1309,1170,1064,1139,1973.1,1466.1,1518.4,1906,16.18,16.18,13.86,13.86,4.07,4.07,3.48,3.48
IT_1622-0145000,0.01627,0.00108,-0.4896,0.0332,0.00908,0.00103,-0.01351,0.0011,14.76,702,1.26,1013985,983945,1003520,983284,1559,1543,1454,1440,2455.2,2422.2,2457.1,2414.6,15.36,15.36,13.7,13.7,3.81,3.81,3.4,3.4
IT_1619-0138756,0.01783,0.00188,-0.4462,0.053,0.01119,0.00185,-0.01388,0.00189,15.08,480,1.385,403429,391185,388237,378807,1068,1060,1002,1001,1195.6,1190.5,1186.4,1199.3,15.86,15.86,14.65,14.65,3.74,3.74,3.46,3.46
IT_1627-0144922,0.01635,0.00249,-0.2662,0.0775,0.01409,0.00247,-0.0083,0.00256,15.48,720,1.543,383536,376085,380143,368765,1231,1505,1232,1375,1930,3225.3,2201.1,2945.2,15.49,15.49,14.61,14.61,3.59,3.59,3.38,3.38
IT_1626-0143503,0.02079,0.00157,-0.486,0.0378,0.01172,0.00148,-0.01717,0.00161,14.75,345,1.303,518852,499813,530720,517277,1163,1152,1101,1091,1213.8,1206.8,1218.2,1202,16.67,16.67,15.16,15.16,3.85,3.85,3.5,3.5
IT_1626-0144132,0.01824,0.00201,-0.5356,0.0556,0.00874,0.00186,-0.01601,0.00206,15.35,630,1.344646105,384738,371484,393142,385476,1100,1099,1029,1018,1277.9,1294.5,1301.3,1270.5,16.21,16.21,14.54,14.54,3.9,3.9,3.5,3.5
IT_1613-0126803,0.01679,0.00127,-0.5033,0.0378,0.00898,0.00126,-0.01419,0.00127,13.53,120,1.27,646233,626253,630766,618171,1148,1133,1122,1103,1162.4,1136.2,1174.2,1121,15.39,15.39,14.84,14.84,3.88,3.88,3.74,3.74
IT_1626-0143918,0.01868,0.00181,-0.4036,0.0487,0.01292,0.00173,-0.01349,0.00187,15.98,1212,1.291,415026,402755,405685,394464,1083,1080,990,973,1423.8,1433.2,1456.9,1402.4,14.82,14.82,12.85,12.85,3.91,3.91,3.39,3.39
IT_1624-0140624,0.01952,0.0015,-0.4903,0.0387,0.01087,0.00141,-0.01622,0.00154,14.66,318,1.368,474138,457599,478777,467447,1020,1012,948,944,1143.8,1144.2,1139.4,1147.2,14.31,14.31,12.45,12.45,3.79,3.79,3.3,3.3
IT_1624-0141451,0.02991,0.00164,-0.4096,0.0274,0.02042,0.00161,-0.02185,0.00166,15.15,513,1.26,470286,448794,458193,438879,1094,1067,1000,1040,1534.3,1456.2,1369,1625.1,14.02,14.02,12.88,12.88,3.86,3.86,3.55,3.55
IT_1622-0144784,0.0172,0.00152,-0.5725,0.0445,0.0071,0.00146,-0.01566,0.00153,15.14,510,1.255,512333,495041,500957,492797,1104,1082,1002,1046,1505.9,1438.3,1338.3,1605.6,13.96,13.96,12.56,12.56,4.06,4.06,3.66,3.66
IT_1628-0142751,0.01683,0.00209,-0.3728,0.0627,0.01236,0.00206,-0.01141,0.00212,14.93,414,1.645,396546,386407,408601,397739,1175,1173,1175,1177,1190.7,1197.5,1177.3,1196.8,18.15,18.15,18.14,18.14,3.81,3.81,3.81,3.81
IT_1629-0138889,0.01443,0.0008,-0.4363,0.0277,0.00927,0.00076,-0.01105,0.00083,14.6,1300,1.418,2080837,2029205,2113293,2069866,2454,2353,2156,2317,6031.3,5363.9,4917.5,6410,16.29,16.29,14.57,14.57,3.73,3.73,3.34,3.34
IT_1626-0144685,0.01653,0.00301,-0.5036,0.0931,0.00883,0.00305,-0.01398,0.00299,15.45,699,1.26,337979,327665,330331,323830,1403,1414,1437,1387,1324.3,1358.3,1394.4,1286.5,21.7,21.7,21.8,21.8,4.43,4.43,4.45,4.45
IT_1628-0143372,0.0176,0.00209,-0.291,0.0598,0.0147,0.00205,-0.00968,0.00215,15.21,546,1.262117328,380561,372140,387140,375090,1137,1155,1054,1155,1650.2,1742.4,1459.5,1933,15.07,15.07,14.33,14.33,3.83,3.83,3.64,3.64
IT_1625-0143318,0.01789,0.00307,-0.528,0.0877,0.00881,0.00296,-0.01557,0.00311,15.66,867,1.258,331076,319952,331411,324904,1441,1423,1378,1365,1385.4,1351.7,1379.5,1352.6,21.94,21.94,20.95,20.95,3.68,3.68,3.52,3.52
IT_1625-0142952,0.01979,0.00251,-0.5229,0.0642,0.00992,0.00228,-0.01713,0.00258,14.8,201,1.333,348489,335721,357097,349307,1279,1223,1155,1128,2176.8,1959.7,2127,2012.3,15.55,15.55,13.81,13.81,3.97,3.97,3.53,3.53
IT_1623-0141175,0.02156,0.00178,-0.5066,0.0414,0.01141,0.00167,-0.01829,0.00182,14.87,390,1.254422557,560678,538889,553438,539756,1509,1315,1286,1302,2139.2,1482,1762.4,1849.2,17.92,17.92,15.96,15.96,3.89,3.89,3.46,3.46
IT_1628-0142776,0.00198,0.00144,-0.3511,1.0724,0.00151,0.0014,-0.00128,0.00149,14.75,345,1.275,530472,527514,531635,528860,1119,1114,1052,1047,1215.5,1202.6,1214.3,1197.7,15.58,15.58,14.02,14.02,3.73,3.73,3.36,3.36
IT_1625-0144231,0.01991,0.00166,-0.437,0.0419,0.01278,0.00164,-0.01527,0.00167,14.91,405,1.313,504065,487408,485654,472350,1140,1205,1103,1119,1342.3,1627.5,1432.3,1527.4,15.57,15.57,14.53,14.53,3.61,3.61,3.37,3.37
IT_1622-0144719,0.01391,0.00107,-0.3942,0.0386,0.0098,0.00099,-0.00986,0.00114,14.66,636,1.253,1184141,1157494,1222593,1196198,1881,1886,1722,1679,2537.8,2586.1,2648.8,2462.9,19.12,19.12,16.34,16.34,4.82,4.82,4.12,4.12
IT_1629-0138403,0.00946,0.00134,-0.3805,0.0716,0.00685,0.00132,-0.00652,0.00135,14.82,372,1.309,577456,568244,585891,576643,1099,1090,1087,1085,1216,1195.1,1197.6,1209.4,14.62,14.62,14.35,14.35,3.7,3.7,3.63,3.63
IT_1620-0139790,0.01882,0.00209,-0.4055,0.056,0.01297,0.00199,-0.01364,0.00218,15.31,606,1.252,446951,433607,438743,426567,1299,1407,1157,1275,1768.2,2207,1636,2182.1,16.84,16.84,15.04,15.04,4.22,4.22,3.77,3.77
IT_1610-0129561,0.01614,0.00187,-0.5178,0.0586,0.00823,0.00175,-0.01388,0.00191,13.81,150,1.355,400870,388661,382754,375672,1072,1065,934,944,1211.7,1209.3,1178.1,1244,15.87,15.87,13.18,13.18,4.1,4.1,3.4,3.4
IT_1613-0127483,0.01821,0.00122,-0.4386,0.0335,0.01164,0.00117,-0.01401,0.00125,13.29,102,1.368,622769,603741,622938,607252,1080,1089,1028,1005,1220.9,1309.9,1311.8,1220,13.61,13.61,11.82,11.82,3.84,3.84,3.33,3.33
IT_1625-0142892,0.02649,0.00271,-0.4506,0.0515,0.01644,0.00269,-0.02077,0.00272,14.88,393,1.333,329990,315598,321671,310577,1238,1246,1206,1201,1227.5,1261.9,1247.5,1245.7,19.61,19.61,18.94,18.94,3.78,3.78,3.65,3.65
IT_1626-0144748,0.02308,0.00221,-0.7485,0.0482,0.0017,0.00213,-0.02302,0.00221,15.29,594,1.413,428920,408374,426261,423874,1308,1311,1281,1274,1289.4,1318.8,1310.3,1293.9,19.73,19.73,19.13,19.13,3.8,3.8,3.68,3.68
IT_1622-0144739,0.01785,0.00201,-0.4678,0.0568,0.01059,0.00197,-0.01437,0.00203,15.28,588,1.432,413860,400916,398321,389110,1154,1186,1034,1155,1669.5,1832.5,1445.1,2037.4,15.03,15.03,13.89,13.89,3.8,3.8,3.51,3.51
IT_1627-0145115,0.01276,0.00213,-0.534,0.0849,0.00615,0.00192,-0.01118,0.00218,14.93,456,1.261626223,505882,493183,494737,487607,1606,1480,1303,1364,3147.8,2578.1,2656.6,3033.1,16.35,16.35,13.71,13.71,4.31,4.31,3.62,3.62
IT_1614-0127135,0.00419,0.00051,-0.6,0.0612,0.00152,0.00052,-0.00391,0.00051,10.16,42,1.249,2472417,2445696,2410446,2397818,1761,1766,1766,1758,1159.4,1247.6,1218.5,1188.6,14.92,14.92,15.44,15.44,3.59,3.59,3.72,3.72
IT_1619-0138443,0.02059,0.00181,-0.5063,0.0443,0.0109,0.00179,-0.01746,0.00182,15.18,531,1.324,459449,442323,445532,434955,1175,1149,1077,1151,1522.5,1452.1,1318.7,1643,15.73,15.73,14.93,14.93,4.06,4.06,3.85,3.85
IT_1626-0143889,0.01026,0.00244,-0.4462,0.1238,0.00644,0.00229,-0.00799,0.00254,15.44,460,1.265,281456,276155,293660,289262,999,1003,953,931,875.7,890.2,906,851.3,18.09,18.09,16.58,16.58,3.91,3.91,3.58,3.58
IT_1621-0143966,0.02572,0.00174,-0.56,0.0339,0.01121,0.0017,-0.02315,0.00175,14.82,372,1.266,441743,420463,434566,423993,1096,1034,1044,1022,1468.8,1255.3,1399.5,1324.6,14.61,14.61,13.95,13.95,3.87,3.87,3.69,3.69
IT_1626-0144653,0.01683,0.00223,-0.4038,0.0671,0.01163,0.00214,-0.01216,0.00231,15.71,610,1.272,284717,277028,290505,283195,924,915,873,865,878.7,867.7,876.4,862.7,16.22,16.22,14.89,14.89,3.58,3.58,3.29,3.29
IT_1625-0143076,0.01675,0.00346,-0.4562,0.1063,0.01025,0.00333,-0.01325,0.00353,15.71,301,1.377,142207,138070,139077,135955,698,701,651,645,447.1,458.6,457.2,450.3,17.59,17.59,15.94,15.94,3.58,3.58,3.24,3.24
IT_1624-0141583,0.02391,0.00218,-0.4438,0.0458,0.01509,0.00216,-0.01854,0.00219,15.47,714,1.423,439174,421898,449784,435445,1210,1438,1278,1416,1930.4,3103.2,2153.6,2852.9,14.79,14.79,15.04,15.04,3.55,3.55,3.61,3.61
IT_1625-0143948,0.01867,0.00231,-0.4576,0.0626,0.01138,0.00221,-0.0148,0.00237,14.93,276,1.271,325444,314989,314739,306975,1137,1012,944,999,1354.2,991.5,1059.9,1270.1,17,17,14.97,14.97,4.07,4.07,3.58,3.58
IT_1626-0144278,0.0189,0.00372,-0.4719,0.1011,0.01109,0.00345,-0.0153,0.00385,15.71,305,1.311,121794,117764,126617,123566,654,652,615,607,440.4,442.2,446.1,435.4,16.76,16.76,15.21,15.21,3.6,3.6,3.26,3.26
IT_1625-0143821,0.00335,0.00107,-0.3425,0.1707,0.0026,0.00103,-0.00212,0.00111,14.63,618,1.351,1073077,1065312,1079452,1071482,1683,1673,1577,1569,2454.5,2419.5,2445.6,2415.7,17,17,15.35,15.35,3.95,3.95,3.57,3.57
IT_1616-0132041,0.02273,0.00125,-0.4954,0.0276,0.01246,0.00124,-0.01902,0.00126,13.49,117,1.253,648516,622441,635457,618446,1140,1123,1107,1090,1153,1130.5,1162.5,1121.4,15.23,15.23,14.49,14.49,3.96,3.96,3.76,3.76
IT_1625-0144138,0.02183,0.00269,-0.7614,0.0623,0.00105,0.00265,-0.02181,0.00269,14.89,396,1.329,335845,320524,337319,335869,1250,1248,1266,1259,1212.6,1225.3,1224.3,1209.1,19.88,19.88,20.09,20.09,3.79,3.79,3.83,3.83
IT_1616-0131341,0.02301,0.00142,-0.4783,0.0308,0.01326,0.00141,-0.01881,0.00142,13.02,87,1.594,684170,656928,667160,648261,1325,1365,1323,1294,1249.4,1409.6,1369.7,1297.2,18.45,18.45,17.8,17.8,3.81,3.81,3.67,3.67
IT_1625-0143524,0.01951,0.0019,-0.5541,0.0489,0.00871,0.00183,-0.01746,0.00191,14.65,210,1.289,368554,354816,365575,358467,985,973,936,934,803.1,790.1,791.9,795.7,17.34,17.34,16.19,16.19,3.66,3.66,3.42,3.42
IT_1614-0127298,0.00808,0.00142,-0.0404,0.0896,0.00805,0.00142,-0.00065,0.00147,13.7,138,1.587,529609,527321,534915,525206,1107,1093,1073,1052,1222.3,1170,1234,1161,15.29,15.29,14.38,14.38,3.71,3.71,3.49,3.49
IT_1615-0129405,0.00536,0.00127,-0.0036,0.1236,0.00536,0.00127,-0.00004,0.00131,13.2,96,1.326,598575,596713,583525,576026,1097,1114,1055,1034,1200.5,1279.4,1281.6,1197.3,14.43,14.43,13.13,13.13,3.84,3.84,3.5,3.5
IT_1625-0144252,0.0194,0.00242,-0.7483,0.0631,0.00144,0.00237,-0.01935,0.00242,15.97,1200,1.463,388707,372818,362257,360419,1307,1300,1206,1220,1414.1,1413.8,1388.7,1434.7,19.18,19.18,17.74,17.74,3.47,3.47,3.21,3.21
IT_1614-0126986,0.02025,0.00123,-0.5308,0.0305,0.00987,0.0012,-0.01768,0.00124,13.09,90,1.32,639635,615544,630434,616739,1100,1104,1066,1043,1197.5,1267.6,1276.2,1186.5,14.05,14.05,12.9,12.9,3.75,3.75,3.45,3.45
IT_1624-0141615,0.01844,0.00188,-0.4209,0.0513,0.01228,0.00179,-0.01375,0.00195,15.08,480,1.304,447721,434245,467079,454738,1242,1189,1147,1183,1452.7,1300,1292.6,1439.6,17.41,17.41,16.32,16.32,3.7,3.7,3.47,3.47
IT_1627-0145026,0.0204,0.00219,-0.2343,0.054,0.0182,0.00218,-0.00921,0.00221,15.48,720,1.632,447643,438124,419429,403544,1236,1511,1197,1332,1933.6,3301.6,2226.2,3010.2,15.15,15.15,13.76,13.76,3.78,3.78,3.43,3.43
IT_1626-0144142,0.01949,0.00108,-0.554,0.0279,0.0087,0.00102,-0.01744,0.0011,14.72,672,1.547,1148937,1106205,1130956,1108990,1760,1751,1611,1604,2435.1,2446.8,2438.7,2441.6,17.88,17.88,15.65,15.65,3.56,3.56,3.11,3.11
IT_1617-0135370,0.01619,0.00138,-0.4666,0.0428,0.00964,0.00134,-0.01301,0.0014,13.31,102,1.481,569016,552742,561050,549120,1106,1119,1064,1038,1264.8,1351.8,1362.5,1262,14.62,14.62,13.24,13.24,3.63,3.63,3.28,3.28
IT_1627-0145350,0.0159,0.00202,-0.5233,0.0642,0.00796,0.00186,-0.01377,0.00207,15.51,744,1.325,431781,418783,414776,407325,1240,1249,1098,1061,1400.8,1445.6,1495.6,1354.2,17.77,17.77,14.78,14.78,3.61,3.61,3,3
IT_1615-0129510,0.01916,0.0013,-0.4126,0.034,0.013,0.00126,-0.01408,0.00133,13.28,102,1.357,593694,575465,602824,586055,1094,1105,1071,1046,1232.3,1319.1,1311.9,1226.8,14.23,14.23,13.16,13.16,3.71,3.71,3.43,3.43
IT_1625-0143759,0.01874,0.00138,-0.5722,0.037,0.00775,0.00133,-0.01706,0.00139,14.72,336,1.264,644051,620552,631370,620284,1253,1237,1179,1173,1207.4,1187.3,1195.9,1192.7,17.54,17.54,16.07,16.07,3.64,3.64,3.33,3.33
IT_1618-0136560,0.01902,0.00118,-0.5133,0.0312,0.00985,0.00113,-0.01627,0.0012,13.36,108,1.543,696597,672235,683044,668242,1156,1167,1094,1065,1282.6,1382.4,1399.1,1266.7,14.37,14.37,12.43,12.43,3.72,3.72,3.22,3.22
IT_1626-0144686,0.0194,0.00111,-0.6331,0.0288,0.00582,0.00104,-0.01851,0.00112,14.19,414,1.301,1299802,1248749,1303235,1285312,2018,2022,1907,1897,2327.2,2383.4,2360.5,2342.1,21.38,21.38,19.67,19.67,3.89,3.89,3.58,3.58
IT_1624-0142217,0.02354,0.00079,-0.4564,0.0168,0.01439,0.00074,-0.01862,0.00082,14.69,1382,1.258,2226085,2138152,2202028,2134804,2514,2515,2215,2342,5492.9,5620.2,4903,6083.6,17.3,17.3,15.04,15.04,4.04,4.04,3.51,3.51
IT_1624-0142987,0.01633,0.00185,-0.5211,0.057,0.00824,0.00173,-0.0141,0.00188,15.88,1092,1.427,403149,390745,382147,375073,1061,1054,924,926,1418.1,1410.2,1399.1,1435.4,14.52,14.52,11.92,11.92,3.95,3.95,3.24,3.24
IT_1623-0140845,0.01951,0.00148,-0.3735,0.0381,0.01432,0.00147,-0.01326,0.00149,14.53,282,1.302,492786,478431,475708,461256,1027,1019,979,971,1141.8,1136.5,1137,1137.9,14.27,14.27,13.31,13.31,3.72,3.72,3.47,3.47
IT_1625-0143896,0.02181,0.00261,-0.5509,0.0604,0.00986,0.00252,-0.01945,0.00263,15.95,1176,1.311,353595,339060,370824,362779,1296,1279,1305,1310,1438.8,1406.7,1401.6,1424.8,19.08,19.08,19.34,19.34,3.56,3.56,3.61,3.61
IT_1614-0127456,0.01798,0.00142,-0.5077,0.0396,0.00948,0.00137,-0.01528,0.00144,13.76,192,1.276,682484,659898,666301,652347,1374,1358,1273,1278,1564.9,1538.9,1527.4,1573.1,17.57,17.57,15.95,15.95,3.45,3.45,3.13,3.13
IT_1612-0129021,0.02816,0.00198,-0.6311,0.0353,0.00855,0.00195,-0.02683,0.00198,13.99,174,1.295,448502,423749,429732,421513,1229,1219,1213,1133,1537.6,1536.3,1678,1389,16.72,16.72,15.92,15.92,3.87,3.87,3.69,3.69
IT_1613-0126267,0.00993,0.00203,-0.4623,0.1052,0.00598,0.00199,-0.00793,0.00205,10.59,42,1.413,321645,315631,311529,307147,917,930,877,867,1173,1243,1224.6,1188.2,13.57,13.57,12.53,12.53,4.12,4.12,3.81,3.81
IT_1626-0143997,0.01303,0.00225,-0.4307,0.0881,0.00849,0.00217,-0.00989,0.00231,15.54,765,1.27238051,350532,342631,341651,335158,1144,1116,1054,1027,1435.5,1354.3,1448,1352,16.46,16.46,14.81,14.81,3.73,3.73,3.35,3.35
IT_1626-0143101,0.02059,0.00178,-0.373,0.0434,0.01512,0.00175,-0.01397,0.00181,14.97,429,1.26,440730,427289,467960,453014,1136,1089,1139,1140,1441.5,1286.4,1343.9,1372.2,15.54,15.54,15.88,15.88,3.82,3.82,3.91,3.91
IT_1627-0144719,0.02254,0.00101,-0.4263,0.0225,0.01483,0.00096,-0.01697,0.00105,14.7,660,1.27,1230033,1185379,1252295,1213003,1799,1794,1696,1655,2553.6,2589.7,2653.2,2494.7,17.72,17.72,15.79,15.79,4.36,4.36,3.89,3.89
IT_1629-0138952,0.01263,0.00117,-0.5287,0.0467,0.0062,0.00111,-0.011,0.00119,14.28,296,1.331,806539,786609,807584,795866,1345,1337,1262,1255,1580.8,1577,1584.4,1572.4,16.04,16.04,14.29,14.29,3.47,3.47,3.09,3.09
IT_1628-0142957,0.01218,0.00125,-0.5249,0.0518,0.00606,0.00115,-0.01057,0.00128,14.56,576,1.262,1053752,1028605,1045125,1030241,1893,1890,1698,1686,3491.3,3514.2,3530.1,3477.8,17.07,17.07,14.63,14.63,3.73,3.73,3.2,3.2
IT_1629-0138101,0.01436,0.00213,-0.2585,0.0753,0.01248,0.00211,-0.0071,0.0022,15.1,489,1.402,410412,403405,418619,407393,1283,1254,1217,1245,1310.3,1239,1225.6,1319,19.28,19.28,18.54,18.54,3.89,3.89,3.74,3.74
IT_1625-0143971,0.01503,0.00181,-0.5186,0.0609,0.00764,0.00177,-0.01294,0.00183,15.06,471,1.261,477053,463455,456379,448462,1190,1240,1138,1124,1283.5,1470.5,1399.9,1361.2,17.17,17.17,15.65,15.65,3.68,3.68,3.36,3.36
IT_1611-0128056,0.01963,0.00127,-0.6372,0.0324,0.00573,0.00128,-0.01877,0.00127,11.37,48,1.431,643502,617889,609030,600757,1125,1133,1104,1093,1178.7,1264.1,1236.6,1203.5,14.75,14.75,14.29,14.29,4.03,4.03,3.91,3.91
IT_1627-0145609,0.01555,0.00103,-0.61,0.0332,0.00535,0.00096,-0.01461,0.00104,14.54,564,1.28,1133749,1097776,1124251,1109836,1639,1634,1527,1514,2431.2,2459.5,2472.4,2420.5,16.11,16.11,14.21,14.21,3.66,3.66,3.23,3.23
IT_1617-0134902,0.03272,0.00148,-0.5723,0.0226,0.01353,0.00134,-0.02979,0.0015,13.37,108,1.557,530500,498291,539173,523619,1088,1098,1025,994,1282.8,1385.5,1398.1,1272,14.52,14.52,12.39,12.39,3.73,3.73,3.19,3.19
IT_1627-0144517,0.02452,0.00306,-0.3756,0.0631,0.01792,0.00302,-0.01673,0.00311,14.98,290,1.261,213279,205633,222852,214530,942,899,931,936,960.9,859.5,895.6,918.7,16.84,16.84,17.04,17.04,4.18,4.18,4.23,4.23
IT_1626-0143778,0.01883,0.00233,-0.3905,0.0626,0.01337,0.0023,-0.01326,0.00236,15.66,867,1.261,438611,425840,459344,446231,1458,1434,1489,1462,1408.2,1360.3,1403.2,1350.5,21.44,21.44,21.87,21.87,3.75,3.75,3.82,3.82
IT_1621-0143786,0.00307,0.00197,-0.5581,0.432,0.00135,0.00183,-0.00276,0.002,14.97,429,1.305,424230,420599,414000,411970,1254,1133,1032,1103,1911.1,1434.2,1493.1,1844.2,15.68,15.68,13.48,13.48,4.26,4.26,3.66,3.66
IT_1626-0143720,0.0216,0.00306,-0.6074,0.0719,0.00753,0.00313,-0.02025,0.00305,15.23,372,1.319,282169,270139,279393,274609,1173,1210,1246,1206,878.2,958.6,951,880.9,21.83,21.83,22.53,22.53,3.75,3.75,3.87,3.87
IT_1619-0138981,0.02621,0.00131,-0.4373,0.0249,0.01681,0.00126,-0.02011,0.00134,14.23,213,1.262,663921,635811,659222,636018,1237,1221,1162,1152,1158.6,1142.7,1147.6,1148.6,17.33,17.33,15.69,15.69,3.55,3.55,3.21,3.21
IT_1625-0144222,0.0141,0.0021,-0.619,0.0757,0.0046,0.002,-0.01332,0.00211,14.08,180,1.315946816,522603,507313,495022,489399,1542,1536,1360,1427,2487.1,2482.6,2310.8,2643.9,17.31,17.31,15.47,15.47,3.91,3.91,3.49,3.49
IT_1626-0144301,0.01613,0.00074,-0.5153,0.023,0.00829,0.00069,-0.01383,0.00076,14.65,1346,1.272,2219227,2152166,2238613,2196916,2354,2345,2106,2239,5357.8,5396.8,4662.6,5980.5,15.89,15.89,13.96,13.96,3.77,3.77,3.31,3.31
IT_1624-0143003,0.02413,0.00185,-0.4398,0.0385,0.01538,0.00177,-0.01859,0.00191,15.49,726,1.26,368512,353982,357299,345708,973,977,894,862,949.8,987.4,1012.6,909.8,15.77,15.77,13.49,13.49,3.79,3.79,3.24,3.24
IT_1611-0128437,0.02926,0.00171,-0.5634,0.0292,0.01257,0.00156,-0.02642,0.00174,13.45,114,1.664,464614,439345,471836,459102,1100,1120,1044,1010,1323.2,1446.6,1449.4,1316.7,15.22,15.22,13.34,13.34,3.87,3.87,3.4,3.4
IT_1620-0140509,0.01938,0.00132,-0.5324,0.0342,0.00939,0.00122,-0.01695,0.00135,14.56,576,1.257,950247,915796,937326,917847,1785,1780,1604,1591,3487.2,3510.9,3532.5,3480.8,16.13,16.13,13.86,13.86,3.64,3.64,3.13,3.13
IT_1628-0143655,0.01543,0.00196,-0.4271,0.0643,0.01013,0.00187,-0.01163,0.00203,15.02,450,1.282,399157,388801,404077,395095,1152,1105,1057,1060,1407,1262.1,1317.2,1347.7,16.37,16.37,14.93,14.93,3.78,3.78,3.44,3.44
IT_1619-0138159,0.01991,0.00193,-0.4559,0.0488,0.01219,0.00183,-0.01574,0.00199,15.09,483,1.327,461468,445813,475444,462964,1302,1250,1194,1235,1433.2,1297.3,1285.4,1437.7,18.49,18.49,17.25,17.25,3.77,3.77,3.52,3.52
IT_1625-0144235,0.01602,0.00209,-0.4654,0.0659,0.00957,0.00207,-0.01285,0.0021,15.94,1164,1.42,431351,419122,416584,407784,1265,1256,1202,1212,1400.7,1387.1,1366.2,1412.2,18.23,18.23,17.38,17.38,3.58,3.58,3.41,3.41
IT_1629-0138246,0.02422,0.00183,-0.402,0.0379,0.01681,0.00182,-0.01744,0.00184,15.49,726,1.264,522039,502623,540712,521682,1211,1442,1362,1366,1895.2,3171.8,2525.3,2582.8,14.35,14.35,14.66,14.66,3.66,3.66,3.74,3.74
IT_1614-0127036,0.01855,0.00131,-0.5594,0.0355,0.0081,0.00131,-0.01669,0.00131,13.7,138,1.574,633032,610381,610954,599805,1165,1143,1130,1107,1218.5,1170.2,1233.3,1159.1,15.59,15.59,14.9,14.9,3.63,3.63,3.47,3.47
IT_1627-0144956,0.01312,0.00153,-0.513,0.0588,0.0068,0.00147,-0.01122,0.00155,15.14,510,1.261,488942,476647,485227,477616,1070,1047,978,1020,1518.3,1433.5,1341.4,1603.2,13.42,13.42,12.16,12.16,3.92,3.92,3.55,3.55
IT_1625-0143497,0.0148,0.00187,-0.3775,0.0637,0.01078,0.00181,-0.01014,0.00193,15.68,885,1.464,452564,442129,438100,427811,1246,1199,1114,1098,1521.6,1375.1,1466.7,1420.6,17.08,17.08,15.01,15.01,3.44,3.44,3.02,3.02
IT_1626-0143683,0.01344,0.0024,-0.5823,0.0914,0.00531,0.00216,-0.01235,0.00245,14.85,381,1.272,514302,500238,504754,498315,1887,1619,1529,1539,2151.5,1497.5,1803.5,1839.7,23.08,23.08,19.94,19.94,4.24,4.24,3.66,3.66
IT_1626-0144589,0.01423,0.00175,-0.5142,0.0623,0.00735,0.00167,-0.01219,0.00178,15.91,1128,1.269,452845,440594,452301,444717,1133,1120,1064,1060,1418.3,1389.5,1399.4,1395.5,15.49,15.49,14.2,14.2,3.69,3.69,3.38,3.38
IT_1622-0144765,0.0164,0.00205,-0.5361,0.063,0.00784,0.002,-0.01441,0.00206,15.25,570,1.333,370637,359000,360341,353947,1052,1074,955,1057,1665,1796.8,1438.6,1989.6,13.58,13.58,12.68,12.68,3.92,3.92,3.66,3.66
IT_1623-0140899,0.02914,0.00129,-0.4449,0.0222,0.01834,0.00123,-0.02264,0.00133,14.61,606,1.342,886810,844979,911389,876609,1637,1628,1559,1548,2459.6,2473.1,2452.8,2452.7,17.13,17.13,15.89,15.89,3.86,3.86,3.58,3.58
IT_1626-0144105,0.02389,0.00232,-0.5062,0.0489,0.01266,0.00218,-0.02026,0.00237,14.88,262,1.264,375023,359025,382734,372340,1321,1144,1163,1168,1404.9,973.2,1171.9,1197.4,19.58,19.58,18.17,18.17,3.86,3.86,3.58,3.58
IT_1625-0143006,0.0249,0.00199,-0.53,0.0402,0.01217,0.00183,-0.02172,0.00204,15,444,1.26,442823,422703,416374,405459,1297,1199,992,1131,2317.8,1897.7,1651.8,2547.6,14.85,14.85,12.04,12.04,3.94,3.94,3.2,3.2
IT_1606-0129605,0.02018,0.00078,-0.5675,0.0192,0.00852,0.00072,-0.01829,0.00079,10.51,42,1.515,1272592,1223071,1378711,1352445,1398,1379,1411,1387,1224.1,1219.5,1263.3,1179.6,15.12,15.12,14.16,14.16,4.01,4.01,3.76,3.76
IT_1624-0142948,0.02388,0.00243,-0.5328,0.0512,0.01156,0.00243,-0.0209,0.00243,15.68,885,1.325,448771,429088,437803,426853,1528,1491,1504,1468,1450.8,1379.7,1448.2,1371.3,22.23,22.23,21.92,21.92,3.41,3.41,3.37,3.37
IT_1627-0145188,0.01498,0.00203,-0.2105,0.0686,0.01367,0.00202,-0.00612,0.0021,15.24,564,1.319,380026,374261,365900,355242,1109,1127,974,1076,1670.6,1763.6,1434.6,1976.9,14.49,14.49,13.04,13.04,3.6,3.6,3.24,3.24
IT_1630-0130274,0.0082,0.00143,-0.4307,0.0892,0.00534,0.0014,-0.00622,0.00146,14.71,333,1.268,600023,590803,592519,584926,1231,1223,1165,1161,1201.6,1189,1194.5,1192.5,17.49,17.49,16.14,16.14,3.49,3.49,3.22,3.22
IT_1615-0128423,0.01891,0.00151,-0.5796,0.0402,0.00757,0.00154,-0.01734,0.00151,11.87,51,1.485,527402,507899,488816,480409,1097,1111,1060,1045,1179.3,1270.8,1245.6,1203.7,15.32,15.32,14.5,14.5,3.93,3.93,3.72,3.72
IT_1611-0127240,0.00387,0.00049,0.1222,0.0643,0.00375,0.00049,0.00094,0.00049,10.12,42,1.465,2683158,2679675,2593852,2568799,1852,1850,1807,1787,1215.8,1211.5,1254.2,1169.3,15.83,15.83,14.85,14.85,3.7,3.7,3.47,3.47
IT_1619-0138728,0.02194,0.00127,-0.43,0.029,0.01432,0.00125,-0.01663,0.00128,14.82,372,1.278,633357,610764,644067,624499,1143,1118,1126,1116,1270.5,1206.1,1237.4,1234.8,14.77,14.77,14.43,14.43,4,4,3.9,3.9
IT_1626-0143928,0.02292,0.00213,-0.4338,0.0468,0.01482,0.00195,-0.01748,0.00226,15,444,1.26,384392,370052,398391,385900,1255,1157,1000,1148,2334.5,1896.4,1647.5,2548,14.53,14.53,12.4,12.4,3.86,3.86,3.29,3.29
IT_1626-0144721,0.01507,0.00216,-0.5614,0.0725,0.00653,0.00209,-0.01358,0.00217,15.9,1116,1.535,380536,369218,364874,359346,1153,1149,1061,1075,1465.8,1467.7,1430,1494.6,16.23,16.23,14.81,14.81,3.78,3.78,3.45,3.45
IT_1614-0127918,0.0203,0.00097,-0.5001,0.0238,0.01096,0.00095,-0.01708,0.00098,13.68,135,1.519,981686,945853,972426,949229,1342,1318,1298,1273,1207.3,1166,1218.6,1149.4,16.59,16.59,15.45,15.45,3.53,3.53,3.29,3.29
IT_1614-0127351,0.01602,0.00141,-0.4873,0.0442,0.00899,0.00134,-0.01326,0.00144,13.41,111,1.56,552427,536341,546974,536034,1101,1118,1041,1012,1297,1403,1412.7,1284.9,14.49,14.49,12.62,12.62,3.73,3.73,3.25,3.25
IT_1610-0129701,0.02133,0.00062,-0.5688,0.0144,0.00896,0.00062,-0.01936,0.00062,10.32,42,1.246,1811098,1736983,1795052,1759286,1552,1539,1562,1547,1171,1236.2,1211.3,1189.1,14.53,14.53,14.81,14.81,3.94,3.94,4.02,4.02
IT_1613-0126432,0.01658,0.00102,-0.5639,0.0307,0.00711,0.00102,-0.01498,0.00102,10.98,45,1.42,837798,810600,809940,796740,1180,1186,1162,1149,1174.2,1259.1,1235.5,1199.6,14.01,14.01,13.49,13.49,4.04,4.04,3.89,3.89
IT_1614-0128140,0.02192,0.00059,-0.3651,0.0133,0.01634,0.00058,-0.01462,0.00059,10.34,42,1.444,1825472,1767403,1789932,1728561,1499,1491,1460,1440,1156.8,1256.1,1198.6,1211,12.37,12.37,11,11,3.51,3.51,3.12,3.12
IT_1621-0143027,0.0207,0.00151,-0.4795,0.0367,0.01189,0.00149,-0.01695,0.00153,14.91,405,1.312,638920,615734,624809,608773,1398,1314,1292,1302,1493.6,1260,1352.5,1406,18.69,18.69,17.6,17.6,3.88,3.88,3.65,3.65
IT_1610-0129725,0.02331,0.00147,-0.571,0.0315,0.00969,0.00148,-0.0212,0.00146,13.01,84,1.55,642422,613881,624391,611050,1277,1316,1305,1284,1244.5,1408.1,1352.9,1299.1,17.84,17.84,17.87,17.87,3.73,3.73,3.74,3.74
IT_1614-0127535,0.01957,0.00136,-0.4783,0.0349,0.01128,0.00134,-0.016,0.00138,13.67,135,1.465,618843,597559,613314,598308,1194,1174,1156,1133,1202.8,1161.6,1213,1149.1,16.5,16.5,15.62,15.62,3.77,3.77,3.57,3.57
IT_1625-0143379,0.01703,0.00171,-0.4279,0.0507,0.01116,0.00168,-0.01286,0.00174,14.48,267,1.264,506437,492094,497863,485793,1216,1242,1174,1161,1187.7,1282.1,1245.9,1221.5,18.08,18.08,16.89,16.89,3.66,3.66,3.42,3.42
IT_1625-0143487,0.021,0.00213,-0.4377,0.051,0.01345,0.00203,-0.01612,0.00219,15.9,1116,1.492,359698,347211,359260,348950,1100,1093,1013,1020,1455.2,1449.3,1420.9,1470.7,15.47,15.47,13.97,13.97,3.94,3.94,3.56,3.56
IT_1610-0129451,0.01525,0.00091,-0.613,0.03,0.00516,0.0009,-0.01435,0.00091,11.01,45,1.42,988954,958065,967810,955764,1255,1260,1230,1220,1177.1,1259.4,1230.4,1202.9,14.37,14.37,13.58,13.58,3.99,3.99,3.77,3.77
IT_1612-0128772,0.0211,0.00133,-0.5907,0.0315,0.00801,0.00132,-0.01952,0.00133,13.5,117,1.249,604275,579373,576794,566375,1121,1103,1072,1057,1151.2,1124.1,1156.7,1115.6,15.26,15.26,14.31,14.31,3.57,3.57,3.35,3.35
IT_1623-0142015,0.01952,0.00137,-0.3698,0.0351,0.01442,0.00134,-0.01315,0.0014,14.55,285,1.272,486406,472335,477987,463373,950,942,896,888,1140.4,1134.7,1136.4,1138.7,12.39,12.39,11.02,11.02,3.83,3.83,3.41,3.41
IT_1625-0144196,0.01845,0.00219,-0.537,0.06,0.00879,0.00215,-0.01622,0.0022,15.91,752,1.408760291,279524,269780,264308,259128,859,852,794,799,912.1,907.7,894.5,926.6,14.42,14.42,13.08,13.08,3.61,3.61,3.27,3.27
IT_1626-0143943,0.02436,0.00241,-0.45,0.0498,0.01514,0.00239,-0.01908,0.00242,15.31,606,1.386,431172,413760,439489,425433,1425,1466,1478,1446,1392,1511.8,1488.3,1419.2,21.05,21.05,21.25,21.25,3.97,3.97,4,4
IT_1622-0144483,0.03708,0.00213,-0.4207,0.0288,0.02471,0.00209,-0.02765,0.00216,15.49,726,1.251,403025,380187,439410,417290,1083,1292,1267,1261,1865.8,3120.5,2494.2,2507.2,13.15,13.15,13.94,13.94,3.81,3.81,4.04,4.04
IT_1627-0145403,0.01274,0.00215,-0.4225,0.0859,0.00846,0.00209,-0.00953,0.00219,14.86,384,1.311,375926,367698,350442,343802,1113,1186,1021,1033,1315.5,1584.4,1424.3,1486.4,16.33,16.33,14.19,14.19,3.8,3.8,3.3,3.3
IT_1625-0144255,0.01921,0.00194,-0.5906,0.0509,0.0073,0.00185,-0.01777,0.00196,15.7,903,1.423,448390,431428,433192,425973,1212,1220,1126,1119,1347.6,1393.9,1382,1366.9,17.45,17.45,15.71,15.71,3.62,3.62,3.26,3.26
IT_1616-0130997,0.00595,0.00112,-0.3654,0.0962,0.00443,0.0011,-0.00397,0.00114,13.57,123,1.314,694036,686455,699995,692286,1121,1110,1085,1073,1176.6,1140.4,1179,1133.3,14.09,14.09,13.02,13.02,3.81,3.81,3.52,3.52
IT_1614-0127185,0.01722,0.00167,-0.4433,0.0488,0.01088,0.0016,-0.01334,0.00171,13.8,147,1.36,458113,444649,431675,421444,1097,1091,962,970,1208.6,1210.6,1177.5,1242.7,15.87,15.87,13.22,13.22,4.16,4.16,3.47,3.47
IT_1628-0142731,0.02498,0.00254,-0.4117,0.0513,0.01698,0.00236,-0.01832,0.00269,15.37,642,1.451,375622,361008,402677,388367,1322,1474,1224,1400,1685.4,2226.4,1604.2,2301.8,18.02,18.02,16.63,16.63,3.81,3.81,3.52,3.52
IT_1619-0138766,0.00631,0.00111,-0.126,0.0902,0.00611,0.00111,-0.00157,0.00117,13.44,114,1.252,637619,633702,643992,634767,1050,1048,1006,1001,1093.5,1093.7,1093.8,1090.8,13.31,13.31,11.93,11.93,3.86,3.86,3.46,3.46
IT_1617-0135353,0.01598,0.00171,-0.3597,0.054,0.01202,0.00166,-0.01053,0.00178,13.42,111,1.621,428699,418490,413833,403112,1056,1078,972,942,1309.7,1419.2,1428,1299.5,14.71,14.71,12.5,12.5,3.74,3.74,3.18,3.18
IT_1611-0128409,0.02391,0.00119,-0.5519,0.025,0.01076,0.0012,-0.02135,0.00119,11.36,48,1.388,671114,641100,633118,618264,1103,1108,1068,1056,1184.3,1270.2,1240,1211.2,13.85,13.85,13.1,13.1,3.97,3.97,3.76,3.76
IT_1625-0144067,0.01108,0.00108,-0.5879,0.0492,0.00426,0.001,-0.01022,0.0011,14.33,468,1.315,1072015,1047184,1076501,1065000,1647,1638,1525,1515,2401.6,2397.7,2418.4,2382.8,16.61,16.61,14.58,14.58,3.59,3.59,3.15,3.15
IT_1623-0141663,0.01977,0.00226,-0.3812,0.0577,0.0143,0.00226,-0.01366,0.00226,15.11,495,1.431,446602,433245,446010,432476,1412,1403,1398,1406,1209.9,1199.6,1186.9,1214.8,22.07,22.07,22.02,22.02,3.87,3.87,3.87,3.87
IT_1629-0138087,0.02117,0.0017,-0.4873,0.0404,0.01189,0.00166,-0.01752,0.00172,14.89,396,1.289,622041,598787,628986,612847,1574,1395,1450,1469,1922.3,1395.9,1618.4,1696,19.48,19.48,18.97,18.97,3.8,3.8,3.7,3.7
IT_1630-0130072,0.01693,0.00152,-0.3713,0.0452,0.01247,0.0015,-0.01145,0.00155,14.76,351,1.415,469983,457945,453442,441291,1020,1015,950,946,1162.2,1164.8,1155,1169.2,14.27,14.27,12.77,12.77,3.77,3.77,3.37,3.37
IT_1626-0144840,0.01342,0.00223,-0.5494,0.0845,0.0061,0.00199,-0.01195,0.00228,15.52,750,1.381,384561,374336,399683,393962,1221,1228,1132,1106,1458.2,1493,1520,1429.3,17.46,17.46,15.43,15.43,3.77,3.77,3.33,3.33
IT_1626-0144447,0.0199,0.0026,-0.2565,0.0661,0.01734,0.00245,-0.00977,0.00303,15.1,489,1.29,373697,365353,440535,424578,1579,1586,1510,1489,1223.6,1241.9,1258.2,1227.1,25.17,25.17,23.4,23.4,4.39,4.39,4.08,4.08
IT_1624-0142560,0.00847,0.0018,-0.1182,0.1099,0.00823,0.00179,-0.00198,0.00206,14.99,438,1.274,422852,419901,439840,431699,1276,1174,1029,1168,2373.1,1887.8,1689.5,2547.1,14.5,14.5,12.4,12.4,3.72,3.72,3.18,3.18
IT_1627-0144392,0.01575,0.0013,-0.3574,0.0414,0.01189,0.00129,-0.01032,0.00131,14.01,177,1.261,563157,549973,545504,531505,1034,1027,986,978,1111.9,1109.5,1115.1,1109,13.76,13.76,12.68,12.68,3.9,3.9,3.59,3.59
IT_1616-0132421,0.02526,0.00145,-0.402,0.0288,0.01753,0.00141,-0.01819,0.00149,13.62,129,1.423,560033,538394,576041,554966,1167,1146,1142,1118,1194.6,1152.5,1197.7,1143.6,16.51,16.51,15.76,15.76,3.77,3.77,3.6,3.6
IT_1623-0141664,0.03064,0.00213,-0.3129,0.0349,0.02483,0.0022,-0.01795,0.00199,15.08,480,1.294,440233,423422,461141,437820,1245,1190,1369,1421,1462.7,1309.8,1299,1454.5,17.45,17.45,20.54,20.54,3.6,3.6,4.24,4.24
IT_1620-0140122,0.01115,0.00222,-0.4588,0.102,0.00678,0.00213,-0.00886,0.00226,15.2,540,1.586,441420,432352,442311,435392,1397,1399,1317,1327,1202.8,1213.8,1190.4,1219.2,21.9,21.9,20.54,20.54,3.9,3.9,3.66,3.66
IT_1621-0142769,0.02524,0.00134,-0.3857,0.0266,0.01809,0.00134,-0.0176,0.00133,14.43,255,1.255,594047,571746,579606,557768,1105,1093,1085,1074,1136.9,1128.7,1132.3,1130.5,15.06,15.06,14.75,14.75,3.73,3.73,3.65,3.65
IT_1613-0125785,0.00211,0.00032,-0.1983,0.0771,0.00194,0.00032,-0.00081,0.00032,9.27,39,1.323,5741527,5714437,5592093,5558093,2568,2563,2535,2518,1183.2,1185.7,1222.1,1146.8,17.05,17.05,16.61,16.61,3.49,3.49,3.4,3.4
IT_1621-0143461,0.01661,0.00165,-0.4264,0.0499,0.01093,0.00163,-0.01251,0.00166,15.16,519,1.265,472614,459516,462842,451833,1107,1083,1026,1082,1528.9,1447.9,1330.2,1621.5,14.28,14.28,13.6,13.6,4.05,4.05,3.86,3.86
IT_1621-0143584,0.02406,0.00198,-0.4324,0.0413,0.01561,0.00192,-0.01831,0.00202,15.24,564,1.276,387668,372587,395056,382062,1077,1092,1003,1102,1670.7,1777.2,1450.3,1972.8,13.86,13.86,13.27,13.27,3.83,3.83,3.67,3.67
IT_1621-0143058,0.02433,0.00143,-0.4544,0.0294,0.01495,0.00134,-0.01919,0.00148,14.81,366,1.281,546141,523979,556783,539180,1166,1073,1059,1023,1786.5,1377.6,1669.7,1496.2,13.76,13.76,11.96,11.96,3.94,3.94,3.42,3.42
IT_1630-0130301,0.00536,0.00114,-0.2683,0.1096,0.00461,0.00111,-0.00274,0.00121,14.28,370,1.32,884102,876620,892554,882414,1510,1512,1398,1390,1982.3,1998.6,1996.5,1972.2,16.87,16.87,14.8,14.8,3.61,3.61,3.17,3.17
IT_1617-0135230,0.01287,0.00119,-0.5387,0.0463,0.00609,0.00118,-0.01133,0.00119,13.55,123,1.296,692194,674618,674885,665235,1155,1139,1127,1111,1175.2,1140.5,1181.6,1129.3,14.98,14.98,14.42,14.42,3.92,3.92,3.77,3.77
IT_1621-0143477,0.02009,0.00228,-0.5274,0.0573,0.00991,0.00228,-0.01747,0.00228,15.11,495,1.41,401224,386254,391391,382860,1281,1260,1243,1258,1252.3,1214.3,1204.3,1254.9,19.7,19.7,19.4,19.4,3.98,3.98,3.92,3.92
IT_1629-0138428,0.01543,0.00251,-0.1606,0.0827,0.01464,0.0025,-0.00487,0.00255,15.37,642,1.548,415517,410243,392919,380739,1402,1574,1263,1460,1691.4,2259.1,1607,2339.5,19.02,19.02,17.35,17.35,3.72,3.72,3.39,3.39
IT_1613-0126536,0.02008,0.00178,-0.533,0.0445,0.00971,0.00178,-0.01758,0.00178,14,174,1.31,495226,476621,476927,466721,1227,1216,1226,1148,1557.7,1543.7,1695.3,1403,16.24,16.24,15.74,15.74,3.79,3.79,3.68,3.68
IT_1628-0143321,0.00958,0.0019,-0.4223,0.1018,0.00636,0.00187,-0.00716,0.00192,15.03,456,1.262312294,492107,483634,487232,480008,1354,1299,1258,1295,1468.9,1318.6,1327.5,1451,18.99,18.99,18.15,18.15,3.64,3.64,3.48,3.48
